-- Adminer 4.7.8 MySQL dump

SET NAMES utf8;
SET time_zone = '+00:00';
SET foreign_key_checks = 0;
SET sql_mode = 'NO_AUTO_VALUE_ON_ZERO';

SET NAMES utf8mb4;

DROP TABLE IF EXISTS `absensi`;
CREATE TABLE `absensi` (
  `id` int NOT NULL AUTO_INCREMENT,
  `siswa_id` int NOT NULL,
  `kelas_mapel_id` int NOT NULL,
  `tanggal` date NOT NULL,
  `status` enum('hadir','sakit','izin','alpha') COLLATE utf8mb4_general_ci NOT NULL,
  `keterangan` text COLLATE utf8mb4_general_ci,
  PRIMARY KEY (`id`),
  UNIQUE KEY `siswa_kelasmapel_tanggal` (`siswa_id`,`kelas_mapel_id`,`tanggal`),
  KEY `kelas_mapel_id` (`kelas_mapel_id`),
  CONSTRAINT `fk_absensi_kelasmapel` FOREIGN KEY (`kelas_mapel_id`) REFERENCES `kelas_mapel` (`id`) ON DELETE CASCADE,
  CONSTRAINT `fk_absensi_siswa` FOREIGN KEY (`siswa_id`) REFERENCES `siswa` (`id`) ON DELETE CASCADE
) ENGINE=InnoDB DEFAULT CHARSET=utf8mb4 COLLATE=utf8mb4_general_ci;


DROP TABLE IF EXISTS `blocked_ips`;
CREATE TABLE `blocked_ips` (
  `id` int NOT NULL AUTO_INCREMENT,
  `ip_address` varchar(45) NOT NULL,
  `blocked_until` datetime NOT NULL,
  `reason` varchar(255) NOT NULL,
  `created_at` datetime NOT NULL DEFAULT CURRENT_TIMESTAMP,
  PRIMARY KEY (`id`),
  UNIQUE KEY `ip_address` (`ip_address`)
) ENGINE=InnoDB DEFAULT CHARSET=utf8mb4 COLLATE=utf8mb4_0900_ai_ci;


DROP TABLE IF EXISTS `calendar_events`;
CREATE TABLE `calendar_events` (
  `id` int NOT NULL AUTO_INCREMENT,
  `user_id` int DEFAULT NULL,
  `title` varchar(255) COLLATE utf8mb4_unicode_ci NOT NULL,
  `description` text COLLATE utf8mb4_unicode_ci,
  `event_date` date NOT NULL,
  `is_holiday` tinyint(1) NOT NULL DEFAULT '0',
  `scope` varchar(20) COLLATE utf8mb4_unicode_ci NOT NULL DEFAULT 'user',
  `is_done` tinyint(1) NOT NULL DEFAULT '0',
  `created_at` timestamp NULL DEFAULT CURRENT_TIMESTAMP,
  `updated_at` timestamp NULL DEFAULT CURRENT_TIMESTAMP ON UPDATE CURRENT_TIMESTAMP,
  PRIMARY KEY (`id`),
  KEY `user_id` (`user_id`),
  KEY `idx_event_date` (`event_date`),
  CONSTRAINT `calendar_events_ibfk_1` FOREIGN KEY (`user_id`) REFERENCES `users` (`id`) ON DELETE CASCADE
) ENGINE=InnoDB DEFAULT CHARSET=utf8mb4 COLLATE=utf8mb4_unicode_ci;


DROP TABLE IF EXISTS `chat_messages`;
CREATE TABLE `chat_messages` (
  `id` int NOT NULL AUTO_INCREMENT,
  `user_id` int NOT NULL,
  `kelas_mapel_id` int NOT NULL,
  `message` text COLLATE utf8mb4_general_ci NOT NULL,
  `created_at` datetime DEFAULT CURRENT_TIMESTAMP,
  `is_read` tinyint(1) DEFAULT '0',
  PRIMARY KEY (`id`),
  KEY `user_id` (`user_id`),
  KEY `kelas_mapel_id` (`kelas_mapel_id`),
  CONSTRAINT `fk_chat_kelasmapel` FOREIGN KEY (`kelas_mapel_id`) REFERENCES `kelas_mapel` (`id`) ON DELETE CASCADE,
  CONSTRAINT `fk_chat_user` FOREIGN KEY (`user_id`) REFERENCES `users` (`id`) ON DELETE CASCADE
) ENGINE=InnoDB DEFAULT CHARSET=utf8mb4 COLLATE=utf8mb4_general_ci;


DROP TABLE IF EXISTS `dashboard_widgets`;
CREATE TABLE `dashboard_widgets` (
  `id` int NOT NULL AUTO_INCREMENT,
  `user_id` int NOT NULL,
  `widget_key` varchar(100) COLLATE utf8mb4_unicode_ci NOT NULL,
  `is_visible` tinyint(1) DEFAULT '1',
  `widget_order` int DEFAULT '0',
  `is_pinned` tinyint(1) DEFAULT '0',
  `created_at` timestamp NULL DEFAULT CURRENT_TIMESTAMP,
  `updated_at` timestamp NULL DEFAULT CURRENT_TIMESTAMP ON UPDATE CURRENT_TIMESTAMP,
  PRIMARY KEY (`id`),
  UNIQUE KEY `unique_user_widget` (`user_id`,`widget_key`),
  CONSTRAINT `dashboard_widgets_ibfk_1` FOREIGN KEY (`user_id`) REFERENCES `users` (`id`) ON DELETE CASCADE,
  CONSTRAINT `fk_widgets_user_integrity` FOREIGN KEY (`user_id`) REFERENCES `users` (`id`) ON DELETE CASCADE
) ENGINE=InnoDB DEFAULT CHARSET=utf8mb4 COLLATE=utf8mb4_unicode_ci;

INSERT INTO `dashboard_widgets` (`id`, `user_id`, `widget_key`, `is_visible`, `widget_order`, `is_pinned`, `created_at`, `updated_at`) VALUES
(1,	1,	'stat_cards',	1,	1,	1,	'2026-05-31 00:50:35',	'2026-05-31 00:50:35'),
(2,	1,	'login_history',	1,	2,	0,	'2026-05-31 00:50:35',	'2026-05-31 00:50:35'),
(3,	1,	'pengumuman',	1,	3,	0,	'2026-05-31 00:50:35',	'2026-05-31 00:50:35'),
(4,	1,	'attendance_chart',	1,	4,	0,	'2026-05-31 00:50:35',	'2026-05-31 00:50:35');

DROP TABLE IF EXISTS `guru_mapel`;
CREATE TABLE `guru_mapel` (
  `id` int NOT NULL AUTO_INCREMENT,
  `guru_id` int NOT NULL,
  `mapel_id` int NOT NULL,
  PRIMARY KEY (`id`),
  UNIQUE KEY `guru_mapel_unique` (`guru_id`,`mapel_id`),
  KEY `mapel_id` (`mapel_id`),
  CONSTRAINT `fk_gurumapel_guru` FOREIGN KEY (`guru_id`) REFERENCES `users` (`id`) ON DELETE CASCADE,
  CONSTRAINT `fk_gurumapel_guru_integrity` FOREIGN KEY (`guru_id`) REFERENCES `users` (`id`) ON DELETE CASCADE,
  CONSTRAINT `fk_gurumapel_mapel` FOREIGN KEY (`mapel_id`) REFERENCES `mata_pelajaran` (`id`) ON DELETE CASCADE
) ENGINE=InnoDB DEFAULT CHARSET=utf8mb4 COLLATE=utf8mb4_general_ci;


DROP TABLE IF EXISTS `kelas`;
CREATE TABLE `kelas` (
  `id` int NOT NULL AUTO_INCREMENT,
  `tingkat` enum('VII','VIII','IX') COLLATE utf8mb4_general_ci NOT NULL,
  `nama_kelas` varchar(20) COLLATE utf8mb4_general_ci NOT NULL,
  PRIMARY KEY (`id`),
  UNIQUE KEY `nama_kelas` (`nama_kelas`)
) ENGINE=InnoDB DEFAULT CHARSET=utf8mb4 COLLATE=utf8mb4_general_ci;

INSERT INTO `kelas` (`id`, `tingkat`, `nama_kelas`) VALUES
(17,	'VII',	'VII-A'),
(18,	'VII',	'VII-B');

DROP TABLE IF EXISTS `kelas_mapel`;
CREATE TABLE `kelas_mapel` (
  `id` int NOT NULL AUTO_INCREMENT,
  `kelas_id` int NOT NULL,
  `mapel_id` int NOT NULL,
  `guru_id` int NOT NULL,
  `tahun_ajaran_id` int NOT NULL,
  `semester` enum('1','2') COLLATE utf8mb4_general_ci NOT NULL,
  PRIMARY KEY (`id`),
  UNIQUE KEY `unique_kelas_mapel` (`kelas_id`,`mapel_id`,`tahun_ajaran_id`,`semester`),
  KEY `mapel_id` (`mapel_id`),
  KEY `guru_id` (`guru_id`),
  KEY `tahun_ajaran_id` (`tahun_ajaran_id`),
  CONSTRAINT `fk_kelasmapel_guru` FOREIGN KEY (`guru_id`) REFERENCES `users` (`id`) ON DELETE CASCADE,
  CONSTRAINT `fk_kelasmapel_kelas` FOREIGN KEY (`kelas_id`) REFERENCES `kelas` (`id`) ON DELETE CASCADE,
  CONSTRAINT `fk_kelasmapel_mapel` FOREIGN KEY (`mapel_id`) REFERENCES `mata_pelajaran` (`id`) ON DELETE CASCADE,
  CONSTRAINT `fk_kelasmapel_tahun` FOREIGN KEY (`tahun_ajaran_id`) REFERENCES `tahun_ajaran` (`id`) ON DELETE CASCADE
) ENGINE=InnoDB DEFAULT CHARSET=utf8mb4 COLLATE=utf8mb4_general_ci;


DROP TABLE IF EXISTS `log_login`;
CREATE TABLE `log_login` (
  `id` int NOT NULL AUTO_INCREMENT,
  `user_id` int NOT NULL,
  `username` varchar(50) COLLATE utf8mb4_general_ci NOT NULL,
  `nama_lengkap` varchar(100) COLLATE utf8mb4_general_ci NOT NULL,
  `role` varchar(20) COLLATE utf8mb4_general_ci NOT NULL,
  `ip_address` varchar(45) COLLATE utf8mb4_general_ci DEFAULT NULL,
  `user_agent` text COLLATE utf8mb4_general_ci,
  `login_time` datetime NOT NULL,
  PRIMARY KEY (`id`),
  KEY `user_id` (`user_id`),
  KEY `login_time` (`login_time`),
  CONSTRAINT `fk_loglogin_user_integrity` FOREIGN KEY (`user_id`) REFERENCES `users` (`id`) ON DELETE CASCADE
) ENGINE=InnoDB DEFAULT CHARSET=utf8mb4 COLLATE=utf8mb4_general_ci;

INSERT INTO `log_login` (`id`, `user_id`, `username`, `nama_lengkap`, `role`, `ip_address`, `user_agent`, `login_time`) VALUES
(1,	1,	'admin',	'Administrator',	'admin',	'::1',	'Mozilla/5.0 (Windows NT 10.0; Win64; x64) AppleWebKit/537.36 (KHTML, like Gecko) Chrome/147.0.0.0 Safari/537.36',	'2026-05-08 21:59:26'),
(3,	1,	'admin',	'Administrator',	'admin',	'::1',	'Mozilla/5.0 (Windows NT 10.0; Win64; x64) AppleWebKit/537.36 (KHTML, like Gecko) Chrome/147.0.0.0 Safari/537.36',	'2026-05-08 22:47:32'),
(5,	1,	'admin',	'Administrator',	'admin',	'::1',	'Mozilla/5.0 (Windows NT 10.0; Win64; x64) AppleWebKit/537.36 (KHTML, like Gecko) Chrome/147.0.0.0 Safari/537.36',	'2026-05-08 22:49:25'),
(6,	1,	'admin',	'Administrator',	'admin',	'::1',	'Mozilla/5.0 (Windows NT 10.0; Win64; x64) AppleWebKit/537.36 (KHTML, like Gecko) Chrome/147.0.0.0 Safari/537.36',	'2026-05-09 05:42:15'),
(8,	1,	'admin',	'Administrator',	'admin',	'::1',	'Mozilla/5.0 (Windows NT 10.0; Win64; x64) AppleWebKit/537.36 (KHTML, like Gecko) Chrome/147.0.0.0 Safari/537.36',	'2026-05-09 05:43:14'),
(9,	1,	'admin',	'Administrator',	'admin',	'::1',	'Mozilla/5.0 (Windows NT 10.0; Win64; x64) AppleWebKit/537.36 (KHTML, like Gecko) Chrome/147.0.0.0 Safari/537.36',	'2026-05-09 05:44:01'),
(11,	1,	'admin',	'Administrator',	'admin',	'::1',	'Mozilla/5.0 (Windows NT 10.0; Win64; x64) AppleWebKit/537.36 (KHTML, like Gecko) Chrome/147.0.0.0 Safari/537.36',	'2026-05-09 05:45:20'),
(13,	1,	'admin',	'Administrator',	'admin',	'::1',	'Mozilla/5.0 (Windows NT 10.0; Win64; x64) AppleWebKit/537.36 (KHTML, like Gecko) Chrome/147.0.0.0 Safari/537.36',	'2026-05-09 07:06:17'),
(15,	1,	'admin',	'Administrator',	'admin',	'::1',	'Mozilla/5.0 (Windows NT 10.0; Win64; x64) AppleWebKit/537.36 (KHTML, like Gecko) Chrome/147.0.0.0 Safari/537.36',	'2026-05-09 11:34:19'),
(18,	1,	'admin',	'Administrator',	'admin',	'::1',	'Mozilla/5.0 (Windows NT 10.0; Win64; x64) AppleWebKit/537.36 (KHTML, like Gecko) Chrome/147.0.0.0 Safari/537.36',	'2026-05-09 13:43:10'),
(19,	1,	'admin',	'Administrator',	'admin',	'::1',	'Mozilla/5.0 (Windows NT 10.0; Win64; x64) AppleWebKit/537.36 (KHTML, like Gecko) Chrome/147.0.0.0 Safari/537.36',	'2026-05-09 13:48:28'),
(20,	1,	'admin',	'Administrator',	'admin',	'::1',	'Mozilla/5.0 (Windows NT 10.0; Win64; x64) AppleWebKit/537.36 (KHTML, like Gecko) Chrome/147.0.0.0 Safari/537.36',	'2026-05-09 13:52:46'),
(21,	1,	'admin',	'Administrator',	'admin',	'::1',	'Mozilla/5.0 (Windows NT 10.0; Win64; x64) AppleWebKit/537.36 (KHTML, like Gecko) Chrome/147.0.0.0 Safari/537.36',	'2026-05-09 13:54:18'),
(22,	1,	'admin',	'Administrator',	'admin',	'::1',	'Mozilla/5.0 (Windows NT 10.0; Win64; x64) AppleWebKit/537.36 (KHTML, like Gecko) Chrome/147.0.0.0 Safari/537.36',	'2026-05-09 13:58:11'),
(24,	1,	'admin',	'Administrator',	'admin',	'::1',	'Mozilla/5.0 (Windows NT 10.0; Win64; x64) AppleWebKit/537.36 (KHTML, like Gecko) Chrome/147.0.0.0 Safari/537.36',	'2026-05-09 13:59:20'),
(25,	1,	'admin',	'Administrator',	'admin',	'::1',	'Mozilla/5.0 (Windows NT 10.0; Win64; x64) AppleWebKit/537.36 (KHTML, like Gecko) Chrome/147.0.0.0 Safari/537.36',	'2026-05-09 14:00:06'),
(28,	1,	'admin',	'Administrator',	'admin',	'::1',	'Mozilla/5.0 (Windows NT 10.0; Win64; x64) AppleWebKit/537.36 (KHTML, like Gecko) Chrome/147.0.0.0 Safari/537.36',	'2026-05-09 14:10:59'),
(30,	1,	'admin',	'Administrator',	'admin',	'::1',	'Mozilla/5.0 (Windows NT 10.0; Win64; x64) AppleWebKit/537.36 (KHTML, like Gecko) Chrome/147.0.0.0 Safari/537.36',	'2026-05-09 15:55:29'),
(32,	1,	'admin',	'Administrator',	'admin',	'::1',	'Mozilla/5.0 (Windows NT 10.0; Win64; x64) AppleWebKit/537.36 (KHTML, like Gecko) Chrome/147.0.0.0 Safari/537.36',	'2026-05-09 19:08:00'),
(34,	1,	'admin',	'Administrator',	'admin',	'::1',	'Mozilla/5.0 (Windows NT 10.0; Win64; x64) AppleWebKit/537.36 (KHTML, like Gecko) Chrome/147.0.0.0 Safari/537.36',	'2026-05-09 20:51:25'),
(36,	1,	'admin',	'Administrator',	'admin',	'::1',	'Mozilla/5.0 (Windows NT 10.0; Win64; x64) AppleWebKit/537.36 (KHTML, like Gecko) Chrome/147.0.0.0 Safari/537.36',	'2026-05-09 20:57:18'),
(38,	1,	'admin',	'Administrator',	'admin',	'::1',	'Mozilla/5.0 (Windows NT 10.0; Win64; x64) AppleWebKit/537.36 (KHTML, like Gecko) Chrome/147.0.0.0 Safari/537.36',	'2026-05-09 21:02:08'),
(41,	1,	'admin',	'Administrator',	'admin',	'::1',	'Mozilla/5.0 (Windows NT 10.0; Win64; x64) AppleWebKit/537.36 (KHTML, like Gecko) Chrome/147.0.0.0 Safari/537.36',	'2026-05-10 11:41:56'),
(44,	1,	'admin',	'Administrator',	'admin',	'::1',	'Mozilla/5.0 (Windows NT 10.0; Win64; x64) AppleWebKit/537.36 (KHTML, like Gecko) Chrome/147.0.0.0 Safari/537.36',	'2026-05-10 12:00:56'),
(45,	1,	'admin',	'Administrator',	'admin',	'::1',	'Mozilla/5.0 (Windows NT 10.0; Win64; x64) AppleWebKit/537.36 (KHTML, like Gecko) Chrome/147.0.0.0 Safari/537.36',	'2026-05-10 18:01:39'),
(47,	1,	'admin',	'Administrator',	'admin',	'::1',	'Mozilla/5.0 (Windows NT 10.0; Win64; x64) AppleWebKit/537.36 (KHTML, like Gecko) Chrome/147.0.0.0 Safari/537.36',	'2026-05-10 20:00:16'),
(48,	1,	'admin',	'Administrator',	'admin',	'192.168.1.6',	'Mozilla/5.0 (Linux; Android 10; K) AppleWebKit/537.36 (KHTML, like Gecko) Chrome/148.0.0.0 Mobile Safari/537.36',	'2026-05-10 20:05:48'),
(50,	1,	'admin',	'Administrator',	'admin',	'::1',	'Mozilla/5.0 (Windows NT 10.0; Win64; x64) AppleWebKit/537.36 (KHTML, like Gecko) Chrome/147.0.0.0 Safari/537.36',	'2026-05-10 21:30:10'),
(54,	1,	'admin',	'Administrator',	'admin',	'::1',	'Mozilla/5.0 (Windows NT 10.0; Win64; x64) AppleWebKit/537.36 (KHTML, like Gecko) Chrome/147.0.0.0 Safari/537.36',	'2026-05-11 08:02:38'),
(56,	1,	'admin',	'Administrator',	'admin',	'::1',	'Mozilla/5.0 (Windows NT 10.0; Win64; x64) AppleWebKit/537.36 (KHTML, like Gecko) Chrome/147.0.0.0 Safari/537.36',	'2026-05-11 08:11:20'),
(57,	1,	'admin',	'Administrator',	'admin',	'::1',	'Mozilla/5.0 (Windows NT 10.0; Win64; x64) AppleWebKit/537.36 (KHTML, like Gecko) Chrome/147.0.0.0 Safari/537.36',	'2026-05-11 08:11:54'),
(60,	1,	'admin',	'Administrator',	'admin',	'::1',	'Mozilla/5.0 (Windows NT 10.0; Win64; x64) AppleWebKit/537.36 (KHTML, like Gecko) Chrome/147.0.0.0 Safari/537.36',	'2026-05-11 09:05:57'),
(63,	1,	'admin',	'Administrator',	'admin',	'::1',	'Mozilla/5.0 (Windows NT 10.0; Win64; x64) AppleWebKit/537.36 (KHTML, like Gecko) Chrome/147.0.0.0 Safari/537.36',	'2026-05-11 12:35:01'),
(66,	1,	'admin',	'Administrator',	'admin',	'::1',	'Mozilla/5.0 (Windows NT 10.0; Win64; x64) AppleWebKit/537.36 (KHTML, like Gecko) Chrome/147.0.0.0 Safari/537.36',	'2026-05-11 15:16:07'),
(67,	1,	'admin',	'Administrator',	'admin',	'::1',	'Mozilla/5.0 (Windows NT 10.0; Win64; x64) AppleWebKit/537.36 (KHTML, like Gecko) Chrome/147.0.0.0 Safari/537.36',	'2026-05-11 20:01:32'),
(70,	1,	'admin',	'Administrator',	'admin',	'::1',	'Mozilla/5.0 (Windows NT 10.0; Win64; x64) AppleWebKit/537.36 (KHTML, like Gecko) Chrome/147.0.0.0 Safari/537.36',	'2026-05-11 20:21:58'),
(73,	1,	'admin',	'Administrator',	'admin',	'::1',	'Mozilla/5.0 (Windows NT 10.0; Win64; x64) AppleWebKit/537.36 (KHTML, like Gecko) Chrome/147.0.0.0 Safari/537.36',	'2026-05-11 20:30:31'),
(75,	1,	'admin',	'Administrator',	'admin',	'::1',	'Mozilla/5.0 (Windows NT 10.0; Win64; x64) AppleWebKit/537.36 (KHTML, like Gecko) Chrome/147.0.0.0 Safari/537.36',	'2026-05-11 20:35:18'),
(76,	1,	'admin',	'Administrator',	'admin',	'::1',	'Mozilla/5.0 (Windows NT 10.0; Win64; x64) AppleWebKit/537.36 (KHTML, like Gecko) Chrome/147.0.0.0 Safari/537.36',	'2026-05-12 04:49:02'),
(77,	1,	'admin',	'Administrator',	'admin',	'::1',	'Mozilla/5.0 (Windows NT 10.0; Win64; x64) AppleWebKit/537.36 (KHTML, like Gecko) Chrome/148.0.0.0 Safari/537.36 Edg/148.0.0.0',	'2026-05-12 05:10:24'),
(79,	1,	'admin',	'Administrator',	'admin',	'::1',	'Mozilla/5.0 (Windows NT 10.0; Win64; x64) AppleWebKit/537.36 (KHTML, like Gecko) Chrome/148.0.0.0 Safari/537.36',	'2026-05-12 15:57:23'),
(81,	1,	'admin',	'Administrator',	'admin',	'::1',	'Mozilla/5.0 (Windows NT 10.0; Win64; x64) AppleWebKit/537.36 (KHTML, like Gecko) Chrome/148.0.0.0 Safari/537.36',	'2026-05-12 16:22:46'),
(82,	1,	'admin',	'Administrator',	'admin',	'::1',	'Mozilla/5.0 (Windows NT 10.0; Win64; x64) AppleWebKit/537.36 (KHTML, like Gecko) Chrome/148.0.0.0 Safari/537.36',	'2026-05-12 16:32:20'),
(87,	1,	'admin',	'Administrator',	'admin',	'::1',	'Mozilla/5.0 (Windows NT 10.0; Win64; x64) AppleWebKit/537.36 (KHTML, like Gecko) Chrome/148.0.0.0 Safari/537.36',	'2026-05-12 16:42:32'),
(88,	1,	'admin',	'Administrator',	'admin',	'192.168.1.6',	'Mozilla/5.0 (Linux; Android 10; K) AppleWebKit/537.36 (KHTML, like Gecko) Chrome/148.0.0.0 Mobile Safari/537.36',	'2026-05-12 16:50:50'),
(89,	1,	'admin',	'Administrator',	'admin',	'192.168.1.6',	'Mozilla/5.0 (Linux; Android 10; K) AppleWebKit/537.36 (KHTML, like Gecko) Chrome/148.0.0.0 Mobile Safari/537.36',	'2026-05-12 18:47:48'),
(90,	20,	'ilhamzp',	'ILHAM RIZQIAWAN, S.Pd.',	'guru',	'192.168.1.6',	'Mozilla/5.0 (Linux; Android 10; K) AppleWebKit/537.36 (KHTML, like Gecko) Chrome/148.0.0.0 Mobile Safari/537.36',	'2026-05-12 18:49:09'),
(92,	1,	'admin',	'Administrator',	'admin',	'192.168.1.6',	'Mozilla/5.0 (Linux; Android 10; K) AppleWebKit/537.36 (KHTML, like Gecko) Chrome/148.0.0.0 Mobile Safari/537.36',	'2026-05-12 22:21:28'),
(93,	21,	'196808111994032001',	'Dra. Hj. LINA NURHASANAH',	'kepala_sekolah',	'192.168.43.1',	'Mozilla/5.0 (X11; Linux x86_64) AppleWebKit/537.36 (KHTML, like Gecko) Chrome/148.0.0.0 Safari/537.36',	'2026-05-13 07:40:36'),
(94,	21,	'196808111994032001',	'Dra. Hj. LINA NURHASANAH',	'kepala_sekolah',	'::1',	'Mozilla/5.0 (Windows NT 10.0; Win64; x64) AppleWebKit/537.36 (KHTML, like Gecko) Chrome/148.0.0.0 Safari/537.36',	'2026-05-13 07:41:10'),
(95,	20,	'ilhamzp',	'ILHAM RIZQIAWAN, S.Pd.',	'guru',	'::1',	'Mozilla/5.0 (Windows NT 10.0; Win64; x64) AppleWebKit/537.36 (KHTML, like Gecko) Chrome/148.0.0.0 Safari/537.36',	'2026-05-13 07:52:43'),
(96,	1,	'admin',	'Administrator',	'admin',	'::1',	'Mozilla/5.0 (Windows NT 10.0; Win64; x64) AppleWebKit/537.36 (KHTML, like Gecko) Chrome/148.0.0.0 Safari/537.36',	'2026-05-13 07:53:27'),
(97,	21,	'196808111994032001',	'Dra. Hj. LINA NURHASANAH',	'kepala_sekolah',	'::1',	'Mozilla/5.0 (Windows NT 10.0; Win64; x64) AppleWebKit/537.36 (KHTML, like Gecko) Chrome/148.0.0.0 Safari/537.36',	'2026-05-13 19:48:30'),
(98,	20,	'ilhamzp',	'ILHAM RIZQIAWAN, S.Pd.',	'guru',	'::1',	'Mozilla/5.0 (Windows NT 10.0; Win64; x64) AppleWebKit/537.36 (KHTML, like Gecko) Chrome/148.0.0.0 Safari/537.36',	'2026-05-13 20:12:51'),
(99,	1,	'admin',	'Administrator',	'admin',	'::1',	'Mozilla/5.0 (Windows NT 10.0; Win64; x64) AppleWebKit/537.36 (KHTML, like Gecko) Chrome/148.0.0.0 Safari/537.36',	'2026-05-13 20:13:05'),
(100,	1,	'admin',	'Administrator',	'admin',	'::1',	'Mozilla/5.0 (Windows NT 10.0; Win64; x64) AppleWebKit/537.36 (KHTML, like Gecko) Chrome/148.0.0.0 Safari/537.36',	'2026-05-13 20:15:05'),
(101,	20,	'ilhamzp',	'ILHAM RIZQIAWAN, S.Pd.',	'guru',	'::1',	'Mozilla/5.0 (Windows NT 10.0; Win64; x64) AppleWebKit/537.36 (KHTML, like Gecko) Chrome/148.0.0.0 Safari/537.36',	'2026-05-13 20:15:55'),
(102,	1,	'admin',	'Administrator',	'admin',	'::1',	'Mozilla/5.0 (Windows NT 10.0; Win64; x64) AppleWebKit/537.36 (KHTML, like Gecko) Chrome/148.0.0.0 Safari/537.36',	'2026-05-13 20:16:19'),
(103,	20,	'ilhamzp',	'ILHAM RIZQIAWAN, S.Pd.',	'guru',	'::1',	'Mozilla/5.0 (Windows NT 10.0; Win64; x64) AppleWebKit/537.36 (KHTML, like Gecko) Chrome/148.0.0.0 Safari/537.36',	'2026-05-13 20:17:37'),
(104,	1,	'admin',	'Administrator',	'admin',	'::1',	'Mozilla/5.0 (Windows NT 10.0; Win64; x64) AppleWebKit/537.36 (KHTML, like Gecko) Chrome/148.0.0.0 Safari/537.36',	'2026-05-13 20:47:04'),
(105,	21,	'196808111994032001',	'Dra. Hj. LINA NURHASANAH',	'kepala_sekolah',	'192.168.1.6',	'Mozilla/5.0 (Linux; Android 10; K) AppleWebKit/537.36 (KHTML, like Gecko) Chrome/148.0.0.0 Mobile Safari/537.36',	'2026-05-13 20:47:33'),
(107,	20,	'ilhamzp',	'ILHAM RIZQIAWAN, S.Pd.',	'guru',	'192.168.1.6',	'Mozilla/5.0 (Linux; Android 10; K) AppleWebKit/537.36 (KHTML, like Gecko) Chrome/148.0.0.0 Mobile Safari/537.36',	'2026-05-13 20:50:20'),
(108,	20,	'ilhamzp',	'ILHAM RIZQIAWAN, S.Pd.',	'guru',	'192.168.1.7',	'Mozilla/5.0 (Linux; Android 10; K) AppleWebKit/537.36 (KHTML, like Gecko) Chrome/148.0.0.0 Mobile Safari/537.36',	'2026-05-14 05:38:44'),
(109,	1,	'admin',	'Administrator',	'admin',	'192.168.100.184',	'Mozilla/5.0 (X11; Linux x86_64) AppleWebKit/537.36 (KHTML, like Gecko) Chrome/148.0.0.0 Safari/537.36',	'2026-05-14 09:31:52'),
(110,	21,	'001',	'Dra. Hj. LINA NURHASANAH',	'kepala_sekolah',	'192.168.100.184',	'Mozilla/5.0 (Linux; Android 10; K) AppleWebKit/537.36 (KHTML, like Gecko) Chrome/148.0.0.0 Mobile Safari/537.36',	'2026-05-14 09:32:48'),
(111,	292,	'004',	'SHINTA NURYATNA, S.Pd.',	'guru',	'192.168.100.184',	'Mozilla/5.0 (Linux; Android 10; K) AppleWebKit/537.36 (KHTML, like Gecko) Chrome/148.0.0.0 Mobile Safari/537.36',	'2026-05-14 09:33:56'),
(112,	21,	'001',	'Dra. Hj. LINA NURHASANAH',	'kepala_sekolah',	'182.10.97.162',	'Mozilla/5.0 (Windows NT 10.0; Win64; x64) AppleWebKit/537.36 (KHTML, like Gecko) Chrome/148.0.0.0 Safari/537.36',	'2026-05-14 10:37:22'),
(113,	1,	'admin',	'Administrator',	'admin',	'182.10.97.162',	'Mozilla/5.0 (Windows NT 10.0; Win64; x64) AppleWebKit/537.36 (KHTML, like Gecko) Chrome/148.0.0.0 Safari/537.36',	'2026-05-14 11:52:38'),
(114,	21,	'001',	'Dra. Hj. LINA NURHASANAH',	'kepala_sekolah',	'182.10.97.162',	'Mozilla/5.0 (Windows NT 10.0; Win64; x64) AppleWebKit/537.36 (KHTML, like Gecko) Chrome/148.0.0.0 Safari/537.36',	'2026-05-14 11:54:45'),
(115,	311,	'028',	'ACHMAD FATHONI HIDAYAT, S.P.',	'guru',	'182.10.97.162',	'Mozilla/5.0 (Windows NT 10.0; Win64; x64) AppleWebKit/537.36 (KHTML, like Gecko) Chrome/148.0.0.0 Safari/537.36',	'2026-05-14 11:55:13'),
(116,	151,	'8101',	'AHMAD RIFAL',	'siswa',	'182.10.97.162',	'Mozilla/5.0 (Windows NT 10.0; Win64; x64) AppleWebKit/537.36 (KHTML, like Gecko) Chrome/148.0.0.0 Safari/537.36',	'2026-05-14 11:57:06'),
(117,	1,	'admin',	'Administrator',	'admin',	'182.10.97.162',	'Mozilla/5.0 (Linux; Android 10; K) AppleWebKit/537.36 (KHTML, like Gecko) Chrome/148.0.0.0 Mobile Safari/537.36',	'2026-05-14 11:58:05'),
(118,	1,	'admin',	'Administrator',	'admin',	'182.10.97.162',	'Mozilla/5.0 (Windows NT 10.0; Win64; x64) AppleWebKit/537.36 (KHTML, like Gecko) Chrome/148.0.0.0 Safari/537.36',	'2026-05-14 12:12:00'),
(119,	151,	'8101',	'AHMAD RIFAL',	'siswa',	'182.10.97.162',	'Mozilla/5.0 (Windows NT 10.0; Win64; x64) AppleWebKit/537.36 (KHTML, like Gecko) Chrome/148.0.0.0 Safari/537.36',	'2026-05-14 12:26:01'),
(120,	20,	'022',	'ILHAM RIZQIAWAN, S.Pd.',	'guru',	'182.10.97.162',	'Mozilla/5.0 (Windows NT 10.0; Win64; x64) AppleWebKit/537.36 (KHTML, like Gecko) Chrome/148.0.0.0 Safari/537.36',	'2026-05-14 12:26:51'),
(121,	1,	'admin',	'Administrator',	'admin',	'182.10.97.162',	'Mozilla/5.0 (Windows NT 10.0; Win64; x64) AppleWebKit/537.36 (KHTML, like Gecko) Chrome/148.0.0.0 Safari/537.36',	'2026-05-14 12:36:36'),
(122,	311,	'028',	'ACHMAD FATHONI HIDAYAT, S.P.',	'guru',	'182.10.97.162',	'Mozilla/5.0 (Linux; Android 10; K) AppleWebKit/537.36 (KHTML, like Gecko) Chrome/148.0.0.0 Mobile Safari/537.36',	'2026-05-14 12:37:43'),
(123,	311,	'028',	'ACHMAD FATHONI HIDAYAT, S.P.',	'guru',	'114.5.248.183',	'Mozilla/5.0 (iPhone; CPU iPhone OS 26_4_2 like Mac OS X) AppleWebKit/605.1.15 (KHTML, like Gecko) CriOS/148.0.7778.100 Mobile/15E148 Safari/604.1',	'2026-05-14 12:51:58'),
(124,	311,	'028',	'ACHMAD FATHONI HIDAYAT, S.P.',	'guru',	'182.10.97.162',	'Mozilla/5.0 (Windows NT 10.0; Win64; x64) AppleWebKit/537.36 (KHTML, like Gecko) Chrome/148.0.0.0 Safari/537.36',	'2026-05-14 13:08:08'),
(125,	1,	'admin',	'Administrator',	'admin',	'182.10.97.88',	'Mozilla/5.0 (Windows NT 10.0; Win64; x64) AppleWebKit/537.36 (KHTML, like Gecko) Chrome/148.0.0.0 Safari/537.36',	'2026-05-14 14:36:07'),
(126,	1,	'admin',	'Administrator',	'admin',	'182.10.97.88',	'Mozilla/5.0 (Windows NT 10.0; Win64; x64) AppleWebKit/537.36 (KHTML, like Gecko) Chrome/148.0.0.0 Safari/537.36',	'2026-05-14 14:36:42'),
(127,	20,	'022',	'ILHAM RIZQIAWAN, S.Pd.',	'guru',	'182.10.97.88',	'Mozilla/5.0 (Windows NT 10.0; Win64; x64) AppleWebKit/537.36 (KHTML, like Gecko) Chrome/148.0.0.0 Safari/537.36',	'2026-05-14 14:37:53'),
(128,	1,	'admin',	'Administrator',	'admin',	'182.10.97.88',	'Mozilla/5.0 (Windows NT 10.0; Win64; x64) AppleWebKit/537.36 (KHTML, like Gecko) Chrome/148.0.0.0 Safari/537.36',	'2026-05-14 15:08:51'),
(129,	311,	'028',	'ACHMAD FATHONI HIDAYAT, S.P.',	'guru',	'182.10.97.88',	'Mozilla/5.0 (Windows NT 10.0; Win64; x64) AppleWebKit/537.36 (KHTML, like Gecko) Chrome/148.0.0.0 Safari/537.36',	'2026-05-14 15:09:31'),
(130,	1,	'admin',	'Administrator',	'admin',	'182.10.97.88',	'Mozilla/5.0 (Windows NT 10.0; Win64; x64) AppleWebKit/537.36 (KHTML, like Gecko) Chrome/148.0.0.0 Safari/537.36',	'2026-05-14 19:38:59'),
(131,	20,	'022',	'ILHAM RIZQIAWAN, S.Pd.',	'guru',	'182.10.97.88',	'Mozilla/5.0 (Windows NT 10.0; Win64; x64) AppleWebKit/537.36 (KHTML, like Gecko) Chrome/148.0.0.0 Safari/537.36',	'2026-05-14 19:50:10'),
(132,	24,	'7101',	'ALIFIA NUR FAIZAH',	'siswa',	'182.10.97.88',	'Mozilla/5.0 (Windows NT 10.0; Win64; x64) AppleWebKit/537.36 (KHTML, like Gecko) Chrome/148.0.0.0 Safari/537.36',	'2026-05-14 19:52:24'),
(133,	204,	'8501',	'ADITYA RIZKI RAMDANI',	'siswa',	'182.10.97.88',	'Mozilla/5.0 (Windows NT 10.0; Win64; x64) AppleWebKit/537.36 (KHTML, like Gecko) Chrome/148.0.0.0 Safari/537.36',	'2026-05-14 19:53:43'),
(134,	20,	'022',	'ILHAM RIZQIAWAN, S.Pd.',	'guru',	'182.10.97.88',	'Mozilla/5.0 (Windows NT 10.0; Win64; x64) AppleWebKit/537.36 (KHTML, like Gecko) Chrome/148.0.0.0 Safari/537.36',	'2026-05-14 19:54:30'),
(135,	204,	'8501',	'ADITYA RIZKI RAMDANI',	'siswa',	'182.10.97.88',	'Mozilla/5.0 (Windows NT 10.0; Win64; x64) AppleWebKit/537.36 (KHTML, like Gecko) Chrome/148.0.0.0 Safari/537.36',	'2026-05-14 20:08:38'),
(136,	1,	'admin',	'Administrator',	'admin',	'182.10.97.88',	'Mozilla/5.0 (Windows NT 10.0; Win64; x64) AppleWebKit/537.36 (KHTML, like Gecko) Chrome/148.0.0.0 Safari/537.36',	'2026-05-14 20:09:35'),
(137,	20,	'022',	'ILHAM RIZQIAWAN, S.Pd.',	'guru',	'182.10.97.88',	'Mozilla/5.0 (Windows NT 10.0; Win64; x64) AppleWebKit/537.36 (KHTML, like Gecko) Chrome/148.0.0.0 Safari/537.36',	'2026-05-14 20:13:26'),
(138,	299,	'010',	'EMI WAHYUMULYANI, S.Pd.',	'guru',	'180.247.241.117',	'Mozilla/5.0 (Windows NT 10.0; Win64; x64) AppleWebKit/537.36 (KHTML, like Gecko) Chrome/148.0.0.0 Safari/537.36',	'2026-05-15 08:27:21'),
(139,	1,	'admin',	'Administrator',	'admin',	'180.247.241.67',	'Mozilla/5.0 (Windows NT 10.0; Win64; x64) AppleWebKit/537.36 (KHTML, like Gecko) Chrome/148.0.0.0 Safari/537.36',	'2026-05-15 08:27:52'),
(140,	299,	'010',	'EMI WAHYUMULYANI, S.Pd.',	'guru',	'180.247.241.117',	'Mozilla/5.0 (Windows NT 10.0; Win64; x64) AppleWebKit/537.36 (KHTML, like Gecko) Chrome/148.0.0.0 Safari/537.36',	'2026-05-15 08:30:28'),
(141,	1,	'admin',	'Administrator',	'admin',	'180.247.241.67',	'Mozilla/5.0 (Windows NT 10.0; Win64; x64) AppleWebKit/537.36 (KHTML, like Gecko) Chrome/148.0.0.0 Safari/537.36',	'2026-05-15 08:43:49'),
(142,	1,	'admin',	'Administrator',	'admin',	'180.247.241.65',	'Mozilla/5.0 (Windows NT 10.0; Win64; x64) AppleWebKit/537.36 (KHTML, like Gecko) Chrome/148.0.0.0 Safari/537.36',	'2026-05-18 07:34:15'),
(143,	1,	'admin',	'Administrator',	'admin',	'180.247.241.92',	'Mozilla/5.0 (Windows NT 10.0; Win64; x64) AppleWebKit/537.36 (KHTML, like Gecko) Chrome/148.0.0.0 Safari/537.36',	'2026-05-18 15:02:48'),
(144,	305,	'021',	'CEPI RIZKI SUPARDI, S.Pd.I.',	'guru',	'180.247.241.120',	'Mozilla/5.0 (Windows NT 10.0; Win64; x64) AppleWebKit/537.36 (KHTML, like Gecko) Chrome/148.0.0.0 Safari/537.36',	'2026-05-18 15:03:42'),
(145,	1,	'admin',	'Administrator',	'admin',	'180.247.241.81',	'Mozilla/5.0 (Windows NT 10.0; Win64; x64) AppleWebKit/537.36 (KHTML, like Gecko) Chrome/148.0.0.0 Safari/537.36',	'2026-05-29 11:19:54'),
(146,	1,	'admin',	'Administrator',	'admin',	'182.10.98.197',	'Mozilla/5.0 (Windows NT 10.0; Win64; x64) AppleWebKit/537.36 (KHTML, like Gecko) Chrome/148.0.0.0 Safari/537.36',	'2026-05-30 22:26:23'),
(147,	1,	'admin',	'Administrator',	'admin',	'182.10.98.197',	'Mozilla/5.0 (Windows NT 10.0; Win64; x64) AppleWebKit/537.36 (KHTML, like Gecko) Chrome/148.0.0.0 Safari/537.36',	'2026-05-31 06:00:47'),
(148,	1,	'admin',	'Administrator',	'admin',	'182.10.98.197',	'Mozilla/5.0 (Linux; Android 10; K) AppleWebKit/537.36 (KHTML, like Gecko) Chrome/148.0.0.0 Mobile Safari/537.36',	'2026-05-31 07:40:31'),
(149,	1,	'admin',	'Administrator',	'admin',	'182.10.98.197',	'Mozilla/5.0 (Linux; Android 10; K) AppleWebKit/537.36 (KHTML, like Gecko) Chrome/148.0.0.0 Mobile Safari/537.36',	'2026-05-31 07:58:59'),
(150,	1,	'admin',	'Administrator',	'admin',	'182.10.98.197',	'Mozilla/5.0 (Windows NT 10.0; Win64; x64) AppleWebKit/537.36 (KHTML, like Gecko) Chrome/148.0.0.0 Safari/537.36',	'2026-05-31 19:41:14'),
(151,	1,	'admin',	'Administrator',	'admin',	'182.10.98.197',	'Mozilla/5.0 (Linux; Android 10; K) AppleWebKit/537.36 (KHTML, like Gecko) Chrome/148.0.0.0 Mobile Safari/537.36',	'2026-05-31 22:06:05'),
(152,	1,	'admin',	'Administrator',	'admin',	'182.10.100.150',	'Mozilla/5.0 (Windows NT 10.0; Win64; x64) AppleWebKit/537.36 (KHTML, like Gecko) Chrome/148.0.0.0 Safari/537.36',	'2026-06-09 04:10:09'),
(153,	1,	'admin',	'Administrator',	'admin',	'182.10.99.210',	'Mozilla/5.0 (Linux; Android 10; K) AppleWebKit/537.36 (KHTML, like Gecko) Chrome/149.0.0.0 Mobile Safari/537.36',	'2026-06-14 14:45:10'),
(154,	311,	'028',	'ACHMAD FATHONI HIDAYAT, S.P.',	'guru',	'114.10.146.151',	'Mozilla/5.0 (iPhone; CPU iPhone OS 26_5_0 like Mac OS X) AppleWebKit/605.1.15 (KHTML, like Gecko) CriOS/149.0.7827.137 Mobile/15E148 Safari/604.1',	'2026-06-17 07:14:40'),
(155,	1,	'admin',	'Administrator',	'admin',	'182.10.100.100',	'Mozilla/5.0 (Windows NT 10.0; Win64; x64) AppleWebKit/537.36 (KHTML, like Gecko) Chrome/149.0.0.0 Safari/537.36',	'2026-06-17 20:36:51'),
(156,	311,	'028',	'ACHMAD FATHONI HIDAYAT, S.P.',	'guru',	'114.10.12.8',	'Mozilla/5.0 (iPhone; CPU iPhone OS 26_5_0 like Mac OS X) AppleWebKit/605.1.15 (KHTML, like Gecko) CriOS/149.0.7827.137 Mobile/15E148 Safari/604.1',	'2026-06-19 10:23:18'),
(157,	311,	'028',	'ACHMAD FATHONI HIDAYAT, S.P.',	'guru',	'114.10.12.8',	'Mozilla/5.0 (iPhone; CPU iPhone OS 26_5_0 like Mac OS X) AppleWebKit/605.1.15 (KHTML, like Gecko) CriOS/149.0.7827.137 Mobile/15E148 Safari/604.1',	'2026-06-19 10:23:46'),
(158,	1,	'admin',	'Administrator',	'admin',	'180.247.241.89',	'Mozilla/5.0 (Windows NT 10.0; Win64; x64) AppleWebKit/537.36 (KHTML, like Gecko) Chrome/149.0.0.0 Safari/537.36',	'2026-06-19 10:25:34'),
(159,	1,	'admin',	'Administrator',	'admin',	'180.247.241.89',	'Mozilla/5.0 (Windows NT 10.0; Win64; x64) AppleWebKit/537.36 (KHTML, like Gecko) Chrome/149.0.0.0 Safari/537.36',	'2026-06-19 10:25:51'),
(160,	1,	'admin',	'Administrator',	'admin',	'180.247.241.89',	'Mozilla/5.0 (Windows NT 10.0; Win64; x64) AppleWebKit/537.36 (KHTML, like Gecko) Chrome/149.0.0.0 Safari/537.36',	'2026-06-19 10:26:25'),
(161,	1,	'admin',	'Administrator',	'admin',	'180.247.241.115',	'Mozilla/5.0 (Windows NT 10.0; Win64; x64) AppleWebKit/537.36 (KHTML, like Gecko) Chrome/149.0.0.0 Safari/537.36',	'2026-06-19 10:30:00'),
(162,	311,	'028',	'ACHMAD FATHONI HIDAYAT, S.P.',	'guru',	'180.247.241.89',	'Mozilla/5.0 (Windows NT 10.0; Win64; x64) AppleWebKit/537.36 (KHTML, like Gecko) Chrome/149.0.0.0 Safari/537.36',	'2026-06-19 10:31:07'),
(163,	1,	'admin',	'Administrator',	'admin',	'180.247.241.89',	'Mozilla/5.0 (Windows NT 10.0; Win64; x64) AppleWebKit/537.36 (KHTML, like Gecko) Chrome/149.0.0.0 Safari/537.36',	'2026-06-19 14:01:15'),
(164,	1,	'admin',	'Administrator',	'admin',	'182.10.100.100',	'Mozilla/5.0 (Windows NT 10.0; Win64; x64) AppleWebKit/537.36 (KHTML, like Gecko) Chrome/149.0.0.0 Safari/537.36 Edg/149.0.0.0',	'2026-06-19 20:06:38'),
(165,	1,	'admin',	'Administrator',	'admin',	'182.10.100.100',	'Mozilla/5.0 (Linux; Android 10; K) AppleWebKit/537.36 (KHTML, like Gecko) Chrome/149.0.0.0 Mobile Safari/537.36',	'2026-06-19 21:25:53'),
(166,	1,	'admin',	'Administrator',	'admin',	'182.10.100.100',	'Mozilla/5.0 (Linux; Android 10; K) AppleWebKit/537.36 (KHTML, like Gecko) Chrome/149.0.0.0 Mobile Safari/537.36',	'2026-06-19 21:26:39'),
(167,	20,	'022',	'ILHAM RIZQIAWAN, S.Pd.',	'guru',	'182.10.100.100',	'Mozilla/5.0 (Linux; Android 10; K) AppleWebKit/537.36 (KHTML, like Gecko) Chrome/149.0.0.0 Mobile Safari/537.36',	'2026-06-19 21:27:26'),
(168,	311,	'028',	'ACHMAD FATHONI HIDAYAT, S.P.',	'guru',	'45.198.148.24',	'Mozilla/5.0 (iPhone; CPU iPhone OS 26_5_0 like Mac OS X) AppleWebKit/605.1.15 (KHTML, like Gecko) CriOS/149.0.7827.137 Mobile/15E148 Safari/604.1',	'2026-06-20 05:57:08'),
(169,	1,	'admin',	'Administrator',	'admin',	'182.10.100.100',	'Mozilla/5.0 (Linux; Android 10; K) AppleWebKit/537.36 (KHTML, like Gecko) Chrome/149.0.0.0 Mobile Safari/537.36',	'2026-06-20 05:57:23'),
(170,	1,	'admin',	'Administrator',	'admin',	'182.10.99.245',	'Mozilla/5.0 (Windows NT 10.0; Win64; x64) AppleWebKit/537.36 (KHTML, like Gecko) Chrome/149.0.0.0 Safari/537.36 Edg/149.0.0.0',	'2026-06-20 18:13:48'),
(171,	1,	'admin',	'Administrator',	'admin',	'182.10.99.245',	'Mozilla/5.0 (Windows NT 10.0; Win64; x64) AppleWebKit/537.36 (KHTML, like Gecko) Chrome/149.0.0.0 Safari/537.36 Edg/149.0.0.0',	'2026-06-20 20:18:10');

DROP TABLE IF EXISTS `login_attempts`;
CREATE TABLE `login_attempts` (
  `id` int NOT NULL AUTO_INCREMENT,
  `ip_address` varchar(45) NOT NULL,
  `username` varchar(50) NOT NULL,
  `attempt_time` datetime NOT NULL DEFAULT CURRENT_TIMESTAMP,
  `success` tinyint(1) NOT NULL DEFAULT '0',
  PRIMARY KEY (`id`),
  KEY `idx_ip_time` (`ip_address`,`attempt_time`),
  KEY `idx_username_time` (`username`,`attempt_time`)
) ENGINE=InnoDB DEFAULT CHARSET=utf8mb4 COLLATE=utf8mb4_0900_ai_ci;

INSERT INTO `login_attempts` (`id`, `ip_address`, `username`, `attempt_time`, `success`) VALUES
(1,	'182.10.98.197',	'admin',	'2026-05-30 22:26:23',	1),
(2,	'182.10.98.197',	'admin',	'2026-05-31 06:00:47',	1),
(3,	'182.10.98.197',	'admin',	'2026-05-31 07:40:32',	1),
(4,	'182.10.98.197',	'admin',	'2026-05-31 07:58:59',	1),
(5,	'182.10.98.197',	'admin',	'2026-05-31 19:41:14',	1),
(6,	'182.10.98.197',	'admin',	'2026-05-31 22:06:05',	1),
(7,	'182.10.100.150',	'admin',	'2026-06-09 04:10:09',	1),
(8,	'182.10.99.210',	'admin',	'2026-06-14 14:45:10',	1),
(9,	'114.10.146.151',	'028',	'2026-06-17 07:14:40',	1),
(10,	'182.10.100.100',	'admin',	'2026-06-17 20:36:51',	1),
(11,	'114.10.12.8',	'028',	'2026-06-19 10:23:21',	1),
(12,	'114.10.12.8',	'028',	'2026-06-19 10:23:46',	1),
(13,	'180.247.241.89',	'admin',	'2026-06-19 10:25:34',	1),
(14,	'180.247.241.89',	'admin',	'2026-06-19 10:25:51',	1),
(15,	'180.247.241.89',	'admin',	'2026-06-19 10:26:26',	1),
(16,	'180.247.241.115',	'admin',	'2026-06-19 10:30:00',	1),
(17,	'180.247.241.89',	'028',	'2026-06-19 10:31:09',	1),
(18,	'182.10.100.100',	'admin',	'2026-06-19 20:06:38',	1),
(19,	'182.10.100.100',	'admin',	'2026-06-19 21:25:53',	1),
(20,	'182.10.100.100',	'admin',	'2026-06-19 21:26:39',	1),
(21,	'182.10.100.100',	'022',	'2026-06-19 21:27:26',	1),
(22,	'45.198.148.24',	'028',	'2026-06-20 05:57:08',	1),
(23,	'182.10.100.100',	'admin',	'2026-06-20 05:57:23',	1),
(24,	'182.10.99.245',	'admin',	'2026-06-20 18:13:48',	1),
(25,	'182.10.99.245',	'admin',	'2026-06-20 20:18:10',	1);

DROP TABLE IF EXISTS `mata_pelajaran`;
CREATE TABLE `mata_pelajaran` (
  `id` int NOT NULL AUTO_INCREMENT,
  `kode` varchar(10) COLLATE utf8mb4_general_ci NOT NULL,
  `nama_mapel` varchar(100) COLLATE utf8mb4_general_ci NOT NULL,
  `urutan` int DEFAULT '0',
  PRIMARY KEY (`id`),
  UNIQUE KEY `kode` (`kode`)
) ENGINE=InnoDB DEFAULT CHARSET=utf8mb4 COLLATE=utf8mb4_general_ci;

INSERT INTO `mata_pelajaran` (`id`, `kode`, `nama_mapel`, `urutan`) VALUES
(1,	'BIN',	'Bahasa Indonesia',	1),
(2,	'BAR',	'Bahasa Arab',	2),
(3,	'BING',	'Bahasa Inggris',	3),
(4,	'BSD',	'Bahasa Sunda',	4),
(5,	'MTK',	'Matematika',	5),
(6,	'IPA',	'Ilmu Pengetahuan Alam',	6),
(7,	'IPS',	'Ilmu Pengetahuan Sosial',	7),
(8,	'PJOK',	'PJOK',	8),
(9,	'INF',	'Informatika',	9),
(10,	'AKA',	'Akidah Akhlak',	10),
(11,	'SKI',	'Sejarah Kebudayaan Islam',	11),
(12,	'FIQ',	'Fiqih',	12),
(13,	'QH',	'Al-Qur\'an Hadis',	13),
(14,	'SB',	'Seni Budaya',	14),
(15,	'THF',	'Tahfidz Qur\'an',	15),
(16,	'PI',	'Praktik Ibadah',	16),
(17,	'EC',	'English Conversation',	17),
(22,	'PP',	'Pendidikan Pancasila',	18);

DROP TABLE IF EXISTS `materi`;
CREATE TABLE `materi` (
  `id` int NOT NULL AUTO_INCREMENT,
  `kelas_mapel_id` int NOT NULL,
  `judul` varchar(200) COLLATE utf8mb4_general_ci NOT NULL,
  `deskripsi` text COLLATE utf8mb4_general_ci,
  `file_materi` varchar(255) COLLATE utf8mb4_general_ci DEFAULT NULL,
  `created_at` datetime DEFAULT CURRENT_TIMESTAMP,
  PRIMARY KEY (`id`),
  KEY `kelas_mapel_id` (`kelas_mapel_id`),
  CONSTRAINT `fk_materi_kelasmapel` FOREIGN KEY (`kelas_mapel_id`) REFERENCES `kelas_mapel` (`id`) ON DELETE CASCADE
) ENGINE=InnoDB DEFAULT CHARSET=utf8mb4 COLLATE=utf8mb4_general_ci;


DROP TABLE IF EXISTS `nilai_akhir`;
CREATE TABLE `nilai_akhir` (
  `id` int NOT NULL AUTO_INCREMENT,
  `siswa_id` int NOT NULL,
  `kelas_mapel_id` int NOT NULL,
  `tahun_ajaran_id` int NOT NULL,
  `semester` enum('1','2') COLLATE utf8mb4_general_ci NOT NULL,
  `sum1` decimal(5,2) DEFAULT NULL,
  `sum2` decimal(5,2) DEFAULT NULL,
  `sum3` decimal(5,2) DEFAULT NULL,
  `sum4` decimal(5,2) DEFAULT NULL,
  `nilai_harian` decimal(5,2) DEFAULT NULL,
  `sts` decimal(5,2) DEFAULT NULL,
  `sas` decimal(5,2) DEFAULT NULL,
  `sat` decimal(5,2) DEFAULT NULL,
  `rata_akhir` decimal(5,2) GENERATED ALWAYS AS ((((((((`sum1` + `sum2`) + `sum3`) + `sum4`) + `sts`) + `sas`) + `sat`) / 7)) STORED,
  PRIMARY KEY (`id`),
  UNIQUE KEY `siswa_kelasmapel_tahun_semester` (`siswa_id`,`kelas_mapel_id`,`tahun_ajaran_id`,`semester`),
  KEY `kelas_mapel_id` (`kelas_mapel_id`),
  KEY `tahun_ajaran_id` (`tahun_ajaran_id`),
  CONSTRAINT `fk_nilai_kelasmapel` FOREIGN KEY (`kelas_mapel_id`) REFERENCES `kelas_mapel` (`id`) ON DELETE CASCADE,
  CONSTRAINT `fk_nilai_siswa` FOREIGN KEY (`siswa_id`) REFERENCES `siswa` (`id`) ON DELETE CASCADE,
  CONSTRAINT `fk_nilai_tahun` FOREIGN KEY (`tahun_ajaran_id`) REFERENCES `tahun_ajaran` (`id`) ON DELETE CASCADE
) ENGINE=InnoDB DEFAULT CHARSET=utf8mb4 COLLATE=utf8mb4_general_ci;


DROP TABLE IF EXISTS `notifikasi`;
CREATE TABLE `notifikasi` (
  `id` int NOT NULL AUTO_INCREMENT,
  `user_id` int NOT NULL,
  `tipe` enum('tugas_baru','nilai_baru','chat_baru','komentar_tugas','kumpul_tugas') NOT NULL,
  `judul` varchar(255) NOT NULL,
  `pesan` text NOT NULL,
  `link` varchar(255) DEFAULT NULL,
  `is_read` tinyint(1) DEFAULT '0',
  `created_at` datetime DEFAULT CURRENT_TIMESTAMP,
  PRIMARY KEY (`id`),
  KEY `user_id` (`user_id`),
  KEY `is_read` (`is_read`),
  CONSTRAINT `fk_notifikasi_user_integrity` FOREIGN KEY (`user_id`) REFERENCES `users` (`id`) ON DELETE CASCADE
) ENGINE=InnoDB DEFAULT CHARSET=utf8mb4 COLLATE=utf8mb4_0900_ai_ci;

INSERT INTO `notifikasi` (`id`, `user_id`, `tipe`, `judul`, `pesan`, `link`, `is_read`, `created_at`) VALUES
(1,	204,	'tugas_baru',	'Tugas Baru',	'Tugas \'111\' telah diberikan.',	'../siswa/tugas_saya.php',	0,	'2026-05-14 19:51:58'),
(2,	205,	'tugas_baru',	'Tugas Baru',	'Tugas \'111\' telah diberikan.',	'../siswa/tugas_saya.php',	0,	'2026-05-14 19:51:58'),
(3,	206,	'tugas_baru',	'Tugas Baru',	'Tugas \'111\' telah diberikan.',	'../siswa/tugas_saya.php',	0,	'2026-05-14 19:51:58'),
(4,	207,	'tugas_baru',	'Tugas Baru',	'Tugas \'111\' telah diberikan.',	'../siswa/tugas_saya.php',	0,	'2026-05-14 19:51:58'),
(5,	208,	'tugas_baru',	'Tugas Baru',	'Tugas \'111\' telah diberikan.',	'../siswa/tugas_saya.php',	0,	'2026-05-14 19:51:58'),
(6,	209,	'tugas_baru',	'Tugas Baru',	'Tugas \'111\' telah diberikan.',	'../siswa/tugas_saya.php',	0,	'2026-05-14 19:51:59'),
(7,	210,	'tugas_baru',	'Tugas Baru',	'Tugas \'111\' telah diberikan.',	'../siswa/tugas_saya.php',	0,	'2026-05-14 19:51:59'),
(8,	211,	'tugas_baru',	'Tugas Baru',	'Tugas \'111\' telah diberikan.',	'../siswa/tugas_saya.php',	0,	'2026-05-14 19:51:59'),
(9,	212,	'tugas_baru',	'Tugas Baru',	'Tugas \'111\' telah diberikan.',	'../siswa/tugas_saya.php',	0,	'2026-05-14 19:51:59'),
(10,	213,	'tugas_baru',	'Tugas Baru',	'Tugas \'111\' telah diberikan.',	'../siswa/tugas_saya.php',	0,	'2026-05-14 19:51:59'),
(11,	214,	'tugas_baru',	'Tugas Baru',	'Tugas \'111\' telah diberikan.',	'../siswa/tugas_saya.php',	0,	'2026-05-14 19:51:59'),
(12,	215,	'tugas_baru',	'Tugas Baru',	'Tugas \'111\' telah diberikan.',	'../siswa/tugas_saya.php',	0,	'2026-05-14 19:52:00'),
(13,	216,	'tugas_baru',	'Tugas Baru',	'Tugas \'111\' telah diberikan.',	'../siswa/tugas_saya.php',	0,	'2026-05-14 19:52:00'),
(14,	217,	'tugas_baru',	'Tugas Baru',	'Tugas \'111\' telah diberikan.',	'../siswa/tugas_saya.php',	0,	'2026-05-14 19:52:00'),
(15,	218,	'tugas_baru',	'Tugas Baru',	'Tugas \'111\' telah diberikan.',	'../siswa/tugas_saya.php',	0,	'2026-05-14 19:52:00'),
(16,	219,	'tugas_baru',	'Tugas Baru',	'Tugas \'111\' telah diberikan.',	'../siswa/tugas_saya.php',	0,	'2026-05-14 19:52:00'),
(17,	220,	'tugas_baru',	'Tugas Baru',	'Tugas \'111\' telah diberikan.',	'../siswa/tugas_saya.php',	0,	'2026-05-14 19:52:00'),
(18,	221,	'tugas_baru',	'Tugas Baru',	'Tugas \'111\' telah diberikan.',	'../siswa/tugas_saya.php',	0,	'2026-05-14 19:52:00'),
(19,	222,	'tugas_baru',	'Tugas Baru',	'Tugas \'111\' telah diberikan.',	'../siswa/tugas_saya.php',	0,	'2026-05-14 19:52:00'),
(20,	223,	'tugas_baru',	'Tugas Baru',	'Tugas \'111\' telah diberikan.',	'../siswa/tugas_saya.php',	0,	'2026-05-14 19:52:00'),
(21,	224,	'tugas_baru',	'Tugas Baru',	'Tugas \'111\' telah diberikan.',	'../siswa/tugas_saya.php',	0,	'2026-05-14 19:52:00'),
(22,	225,	'tugas_baru',	'Tugas Baru',	'Tugas \'111\' telah diberikan.',	'../siswa/tugas_saya.php',	0,	'2026-05-14 19:52:00'),
(23,	226,	'tugas_baru',	'Tugas Baru',	'Tugas \'111\' telah diberikan.',	'../siswa/tugas_saya.php',	0,	'2026-05-14 19:52:01'),
(24,	227,	'tugas_baru',	'Tugas Baru',	'Tugas \'111\' telah diberikan.',	'../siswa/tugas_saya.php',	0,	'2026-05-14 19:52:01'),
(25,	228,	'tugas_baru',	'Tugas Baru',	'Tugas \'111\' telah diberikan.',	'../siswa/tugas_saya.php',	0,	'2026-05-14 19:52:01'),
(26,	229,	'tugas_baru',	'Tugas Baru',	'Tugas \'111\' telah diberikan.',	'../siswa/tugas_saya.php',	0,	'2026-05-14 19:52:01'),
(27,	230,	'tugas_baru',	'Tugas Baru',	'Tugas \'111\' telah diberikan.',	'../siswa/tugas_saya.php',	0,	'2026-05-14 19:52:01'),
(28,	231,	'tugas_baru',	'Tugas Baru',	'Tugas \'111\' telah diberikan.',	'../siswa/tugas_saya.php',	0,	'2026-05-14 19:52:01'),
(29,	20,	'kumpul_tugas',	'Siswa mengumpulkan tugas',	'ADITYA RIZKI RAMDANI telah mengumpulkan tugas.',	'../guru/tugas.php',	0,	'2026-05-14 20:09:18');

DROP TABLE IF EXISTS `pengaturan`;
CREATE TABLE `pengaturan` (
  `id` int NOT NULL AUTO_INCREMENT,
  `key` varchar(50) COLLATE utf8mb4_general_ci NOT NULL,
  `value` varchar(255) COLLATE utf8mb4_general_ci NOT NULL,
  PRIMARY KEY (`id`),
  UNIQUE KEY `key` (`key`)
) ENGINE=InnoDB DEFAULT CHARSET=utf8mb4 COLLATE=utf8mb4_general_ci;

INSERT INTO `pengaturan` (`id`, `key`, `value`) VALUES
(1,	'warna_tema',	'hijau'),
(2,	'nama_sekolah',	'MTs. Al-Ihsan Batujajar'),
(3,	'semester_aktif',	'1'),
(6,	'tahun_ajaran_aktif',	'2026/2027');

DROP TABLE IF EXISTS `pengumpulan_files`;
CREATE TABLE `pengumpulan_files` (
  `id` int NOT NULL AUTO_INCREMENT,
  `pengumpulan_id` int NOT NULL,
  `file_name` varchar(255) NOT NULL,
  `file_path` varchar(255) NOT NULL,
  `uploaded_at` datetime DEFAULT CURRENT_TIMESTAMP,
  PRIMARY KEY (`id`),
  KEY `pengumpulan_id` (`pengumpulan_id`),
  CONSTRAINT `pengumpulan_files_ibfk_1` FOREIGN KEY (`pengumpulan_id`) REFERENCES `pengumpulan_tugas` (`id`) ON DELETE CASCADE
) ENGINE=InnoDB DEFAULT CHARSET=utf8mb4 COLLATE=utf8mb4_0900_ai_ci;


DROP TABLE IF EXISTS `pengumpulan_tugas`;
CREATE TABLE `pengumpulan_tugas` (
  `id` int NOT NULL AUTO_INCREMENT,
  `tugas_id` int NOT NULL,
  `siswa_id` int NOT NULL,
  `status` enum('belum','sudah') COLLATE utf8mb4_general_ci DEFAULT 'belum',
  `nilai` decimal(5,2) DEFAULT NULL,
  `file_upload` varchar(255) COLLATE utf8mb4_general_ci DEFAULT NULL,
  `teks_jawaban` text COLLATE utf8mb4_general_ci,
  `catatan` text COLLATE utf8mb4_general_ci,
  `tanggal_kumpul` datetime DEFAULT NULL,
  PRIMARY KEY (`id`),
  UNIQUE KEY `tugas_siswa_unique` (`tugas_id`,`siswa_id`),
  KEY `siswa_id` (`siswa_id`),
  CONSTRAINT `fk_pengumpulan_siswa` FOREIGN KEY (`siswa_id`) REFERENCES `siswa` (`id`) ON DELETE CASCADE,
  CONSTRAINT `fk_pengumpulan_tugas` FOREIGN KEY (`tugas_id`) REFERENCES `tugas` (`id`) ON DELETE CASCADE
) ENGINE=InnoDB DEFAULT CHARSET=utf8mb4 COLLATE=utf8mb4_general_ci;


DROP TABLE IF EXISTS `pengumuman`;
CREATE TABLE `pengumuman` (
  `id` int NOT NULL AUTO_INCREMENT,
  `judul` varchar(200) COLLATE utf8mb4_general_ci NOT NULL,
  `isi` text COLLATE utf8mb4_general_ci NOT NULL,
  `target` enum('semua','guru','siswa','kelas_mapel') COLLATE utf8mb4_general_ci DEFAULT 'semua',
  `target_kelas` text COLLATE utf8mb4_general_ci,
  `kelas_mapel_id` int DEFAULT NULL,
  `created_by` int NOT NULL,
  `created_at` datetime DEFAULT CURRENT_TIMESTAMP,
  PRIMARY KEY (`id`),
  KEY `created_by` (`created_by`),
  KEY `kelas_mapel_id` (`kelas_mapel_id`),
  CONSTRAINT `fk_pengumuman_kelasmapel` FOREIGN KEY (`kelas_mapel_id`) REFERENCES `kelas_mapel` (`id`) ON DELETE CASCADE,
  CONSTRAINT `fk_pengumuman_user` FOREIGN KEY (`created_by`) REFERENCES `users` (`id`) ON DELETE CASCADE
) ENGINE=InnoDB DEFAULT CHARSET=utf8mb4 COLLATE=utf8mb4_general_ci;


DROP TABLE IF EXISTS `roles`;
CREATE TABLE `roles` (
  `id` tinyint(1) NOT NULL AUTO_INCREMENT,
  `nama_role` varchar(20) COLLATE utf8mb4_general_ci NOT NULL,
  PRIMARY KEY (`id`)
) ENGINE=InnoDB DEFAULT CHARSET=utf8mb4 COLLATE=utf8mb4_general_ci;

INSERT INTO `roles` (`id`, `nama_role`) VALUES
(1,	'admin'),
(2,	'guru'),
(3,	'siswa'),
(4,	'kepala_sekolah');

DROP TABLE IF EXISTS `sikap_sosial`;
CREATE TABLE `sikap_sosial` (
  `id` int NOT NULL AUTO_INCREMENT,
  `siswa_id` int NOT NULL,
  `kelas_mapel_id` int NOT NULL,
  `tahun_ajaran_id` int NOT NULL,
  `semester` enum('1','2') COLLATE utf8mb4_general_ci NOT NULL,
  `empati` int DEFAULT '3',
  `kerjasama` int DEFAULT '3',
  `toleransi` int DEFAULT '3',
  `percaya_diri` int DEFAULT '3',
  `komunikasi` int DEFAULT '3',
  PRIMARY KEY (`id`),
  UNIQUE KEY `siswa_kelasmapel_tahun_semester` (`siswa_id`,`kelas_mapel_id`,`tahun_ajaran_id`,`semester`),
  KEY `kelas_mapel_id` (`kelas_mapel_id`),
  KEY `tahun_ajaran_id` (`tahun_ajaran_id`),
  CONSTRAINT `fk_sosial_kelasmapel` FOREIGN KEY (`kelas_mapel_id`) REFERENCES `kelas_mapel` (`id`) ON DELETE CASCADE,
  CONSTRAINT `fk_sosial_siswa` FOREIGN KEY (`siswa_id`) REFERENCES `siswa` (`id`) ON DELETE CASCADE,
  CONSTRAINT `fk_sosial_tahun` FOREIGN KEY (`tahun_ajaran_id`) REFERENCES `tahun_ajaran` (`id`) ON DELETE CASCADE
) ENGINE=InnoDB DEFAULT CHARSET=utf8mb4 COLLATE=utf8mb4_general_ci;


DROP TABLE IF EXISTS `sikap_spiritual`;
CREATE TABLE `sikap_spiritual` (
  `id` int NOT NULL AUTO_INCREMENT,
  `siswa_id` int NOT NULL,
  `kelas_mapel_id` int NOT NULL,
  `tahun_ajaran_id` int NOT NULL,
  `semester` enum('1','2') COLLATE utf8mb4_general_ci NOT NULL,
  `taqwa` int DEFAULT '3',
  `kejujuran` int DEFAULT '3',
  `disiplin` int DEFAULT '3',
  `sabar` int DEFAULT '3',
  `syukur` int DEFAULT '3',
  `tawadhu` int DEFAULT '3',
  PRIMARY KEY (`id`),
  UNIQUE KEY `siswa_kelasmapel_tahun_semester` (`siswa_id`,`kelas_mapel_id`,`tahun_ajaran_id`,`semester`),
  KEY `kelas_mapel_id` (`kelas_mapel_id`),
  KEY `tahun_ajaran_id` (`tahun_ajaran_id`),
  CONSTRAINT `fk_spiritual_kelasmapel` FOREIGN KEY (`kelas_mapel_id`) REFERENCES `kelas_mapel` (`id`) ON DELETE CASCADE,
  CONSTRAINT `fk_spiritual_siswa` FOREIGN KEY (`siswa_id`) REFERENCES `siswa` (`id`) ON DELETE CASCADE,
  CONSTRAINT `fk_spiritual_tahun` FOREIGN KEY (`tahun_ajaran_id`) REFERENCES `tahun_ajaran` (`id`) ON DELETE CASCADE
) ENGINE=InnoDB DEFAULT CHARSET=utf8mb4 COLLATE=utf8mb4_general_ci;


DROP TABLE IF EXISTS `siswa`;
CREATE TABLE `siswa` (
  `id` int NOT NULL AUTO_INCREMENT,
  `user_id` int NOT NULL,
  `nis` varchar(20) COLLATE utf8mb4_general_ci NOT NULL,
  `kelas_id` int NOT NULL,
  `angkatan` varchar(10) COLLATE utf8mb4_general_ci DEFAULT NULL,
  `status` enum('aktif','lulus','keluar') CHARACTER SET utf8mb4 COLLATE utf8mb4_general_ci DEFAULT 'aktif',
  `tinggal_kelas` tinyint(1) DEFAULT '0',
  PRIMARY KEY (`id`),
  UNIQUE KEY `nis` (`nis`),
  UNIQUE KEY `user_id` (`user_id`),
  KEY `kelas_id` (`kelas_id`),
  KEY `idx_status` (`status`),
  KEY `idx_tinggal_kelas` (`tinggal_kelas`),
  CONSTRAINT `fk_siswa_kelas` FOREIGN KEY (`kelas_id`) REFERENCES `kelas` (`id`),
  CONSTRAINT `fk_siswa_user` FOREIGN KEY (`user_id`) REFERENCES `users` (`id`) ON DELETE CASCADE,
  CONSTRAINT `fk_siswa_user_integrity` FOREIGN KEY (`user_id`) REFERENCES `users` (`id`) ON DELETE CASCADE
) ENGINE=InnoDB DEFAULT CHARSET=utf8mb4 COLLATE=utf8mb4_general_ci;


DROP TABLE IF EXISTS `system_errors`;
CREATE TABLE `system_errors` (
  `id` int NOT NULL AUTO_INCREMENT,
  `error_level` varchar(20) NOT NULL DEFAULT 'ERROR',
  `error_code` int DEFAULT NULL,
  `message` text NOT NULL,
  `file` varchar(255) DEFAULT NULL,
  `line` int DEFAULT NULL,
  `trace` text,
  `url` text,
  `user_id` int DEFAULT NULL,
  `ip_address` varchar(45) DEFAULT NULL,
  `user_agent` text,
  `created_at` datetime NOT NULL DEFAULT CURRENT_TIMESTAMP,
  `is_resolved` tinyint(1) DEFAULT '0',
  PRIMARY KEY (`id`),
  KEY `created_at` (`created_at`),
  KEY `error_level` (`error_level`),
  KEY `is_resolved` (`is_resolved`)
) ENGINE=InnoDB DEFAULT CHARSET=utf8mb4 COLLATE=utf8mb4_0900_ai_ci;

INSERT INTO `system_errors` (`id`, `error_level`, `error_code`, `message`, `file`, `line`, `trace`, `url`, `user_id`, `ip_address`, `user_agent`, `created_at`, `is_resolved`) VALUES
(1,	'WARNING',	NULL,	'Undefined array key \"id\"',	'/var/www/html/ilham.didzacorp.com/lms_alihsan_btr/admin/dashboard.php',	35,	NULL,	'/lms_alihsan_btr/admin/dashboard',	NULL,	NULL,	NULL,	'2026-06-09 04:10:09',	0),
(2,	'DEPRECATED',	NULL,	'htmlspecialchars(): Passing null to parameter #1 ($string) of type string is deprecated',	'/var/www/html/ilham.didzacorp.com/lms_alihsan_btr/admin/user_management.php',	251,	NULL,	'/lms_alihsan_btr/admin/user_management',	NULL,	NULL,	NULL,	'2026-06-09 04:10:50',	0),
(3,	'DEPRECATED',	NULL,	'htmlspecialchars(): Passing null to parameter #1 ($string) of type string is deprecated',	'/var/www/html/ilham.didzacorp.com/lms_alihsan_btr/admin/user_management.php',	251,	NULL,	'/lms_alihsan_btr/admin/user_management',	NULL,	NULL,	NULL,	'2026-06-09 04:10:50',	0),
(4,	'DEPRECATED',	NULL,	'htmlspecialchars(): Passing null to parameter #1 ($string) of type string is deprecated',	'/var/www/html/ilham.didzacorp.com/lms_alihsan_btr/admin/user_management.php',	251,	NULL,	'/lms_alihsan_btr/admin/user_management',	NULL,	NULL,	NULL,	'2026-06-09 04:10:50',	0),
(5,	'DEPRECATED',	NULL,	'htmlspecialchars(): Passing null to parameter #1 ($string) of type string is deprecated',	'/var/www/html/ilham.didzacorp.com/lms_alihsan_btr/admin/user_management.php',	251,	NULL,	'/lms_alihsan_btr/admin/user_management',	NULL,	NULL,	NULL,	'2026-06-09 04:10:50',	0),
(6,	'DEPRECATED',	NULL,	'htmlspecialchars(): Passing null to parameter #1 ($string) of type string is deprecated',	'/var/www/html/ilham.didzacorp.com/lms_alihsan_btr/admin/user_management.php',	251,	NULL,	'/lms_alihsan_btr/admin/user_management',	NULL,	NULL,	NULL,	'2026-06-09 04:10:50',	0),
(7,	'DEPRECATED',	NULL,	'htmlspecialchars(): Passing null to parameter #1 ($string) of type string is deprecated',	'/var/www/html/ilham.didzacorp.com/lms_alihsan_btr/admin/user_management.php',	251,	NULL,	'/lms_alihsan_btr/admin/user_management',	NULL,	NULL,	NULL,	'2026-06-09 04:10:50',	0),
(8,	'DEPRECATED',	NULL,	'htmlspecialchars(): Passing null to parameter #1 ($string) of type string is deprecated',	'/var/www/html/ilham.didzacorp.com/lms_alihsan_btr/admin/user_management.php',	251,	NULL,	'/lms_alihsan_btr/admin/user_management',	NULL,	NULL,	NULL,	'2026-06-09 04:10:50',	0),
(9,	'DEPRECATED',	NULL,	'htmlspecialchars(): Passing null to parameter #1 ($string) of type string is deprecated',	'/var/www/html/ilham.didzacorp.com/lms_alihsan_btr/admin/user_management.php',	251,	NULL,	'/lms_alihsan_btr/admin/user_management',	NULL,	NULL,	NULL,	'2026-06-09 04:10:50',	0),
(10,	'DEPRECATED',	NULL,	'htmlspecialchars(): Passing null to parameter #1 ($string) of type string is deprecated',	'/var/www/html/ilham.didzacorp.com/lms_alihsan_btr/admin/user_management.php',	251,	NULL,	'/lms_alihsan_btr/admin/user_management',	NULL,	NULL,	NULL,	'2026-06-09 04:10:50',	0),
(11,	'DEPRECATED',	NULL,	'htmlspecialchars(): Passing null to parameter #1 ($string) of type string is deprecated',	'/var/www/html/ilham.didzacorp.com/lms_alihsan_btr/admin/user_management.php',	251,	NULL,	'/lms_alihsan_btr/admin/user_management',	NULL,	NULL,	NULL,	'2026-06-09 04:10:50',	0),
(12,	'DEPRECATED',	NULL,	'htmlspecialchars(): Passing null to parameter #1 ($string) of type string is deprecated',	'/var/www/html/ilham.didzacorp.com/lms_alihsan_btr/admin/user_management.php',	251,	NULL,	'/lms_alihsan_btr/admin/user_management',	NULL,	NULL,	NULL,	'2026-06-09 04:10:50',	0),
(13,	'DEPRECATED',	NULL,	'htmlspecialchars(): Passing null to parameter #1 ($string) of type string is deprecated',	'/var/www/html/ilham.didzacorp.com/lms_alihsan_btr/admin/user_management.php',	251,	NULL,	'/lms_alihsan_btr/admin/user_management',	NULL,	NULL,	NULL,	'2026-06-09 04:10:50',	0),
(14,	'DEPRECATED',	NULL,	'htmlspecialchars(): Passing null to parameter #1 ($string) of type string is deprecated',	'/var/www/html/ilham.didzacorp.com/lms_alihsan_btr/admin/user_management.php',	251,	NULL,	'/lms_alihsan_btr/admin/user_management',	NULL,	NULL,	NULL,	'2026-06-09 04:10:50',	0),
(15,	'DEPRECATED',	NULL,	'htmlspecialchars(): Passing null to parameter #1 ($string) of type string is deprecated',	'/var/www/html/ilham.didzacorp.com/lms_alihsan_btr/admin/user_management.php',	251,	NULL,	'/lms_alihsan_btr/admin/user_management',	NULL,	NULL,	NULL,	'2026-06-09 04:10:51',	0),
(16,	'DEPRECATED',	NULL,	'htmlspecialchars(): Passing null to parameter #1 ($string) of type string is deprecated',	'/var/www/html/ilham.didzacorp.com/lms_alihsan_btr/admin/user_management.php',	251,	NULL,	'/lms_alihsan_btr/admin/user_management',	NULL,	NULL,	NULL,	'2026-06-09 04:10:51',	0),
(17,	'DEPRECATED',	NULL,	'htmlspecialchars(): Passing null to parameter #1 ($string) of type string is deprecated',	'/var/www/html/ilham.didzacorp.com/lms_alihsan_btr/admin/user_management.php',	251,	NULL,	'/lms_alihsan_btr/admin/user_management',	NULL,	NULL,	NULL,	'2026-06-09 04:10:51',	0),
(18,	'DEPRECATED',	NULL,	'htmlspecialchars(): Passing null to parameter #1 ($string) of type string is deprecated',	'/var/www/html/ilham.didzacorp.com/lms_alihsan_btr/admin/user_management.php',	251,	NULL,	'/lms_alihsan_btr/admin/user_management',	NULL,	NULL,	NULL,	'2026-06-09 04:10:51',	0),
(19,	'DEPRECATED',	NULL,	'htmlspecialchars(): Passing null to parameter #1 ($string) of type string is deprecated',	'/var/www/html/ilham.didzacorp.com/lms_alihsan_btr/admin/user_management.php',	251,	NULL,	'/lms_alihsan_btr/admin/user_management',	NULL,	NULL,	NULL,	'2026-06-09 04:10:51',	0),
(20,	'DEPRECATED',	NULL,	'htmlspecialchars(): Passing null to parameter #1 ($string) of type string is deprecated',	'/var/www/html/ilham.didzacorp.com/lms_alihsan_btr/admin/user_management.php',	251,	NULL,	'/lms_alihsan_btr/admin/user_management',	NULL,	NULL,	NULL,	'2026-06-09 04:10:52',	0),
(21,	'DEPRECATED',	NULL,	'htmlspecialchars(): Passing null to parameter #1 ($string) of type string is deprecated',	'/var/www/html/ilham.didzacorp.com/lms_alihsan_btr/admin/user_management.php',	251,	NULL,	'/lms_alihsan_btr/admin/user_management',	NULL,	NULL,	NULL,	'2026-06-09 04:10:52',	0),
(22,	'DEPRECATED',	NULL,	'htmlspecialchars(): Passing null to parameter #1 ($string) of type string is deprecated',	'/var/www/html/ilham.didzacorp.com/lms_alihsan_btr/admin/user_management.php',	251,	NULL,	'/lms_alihsan_btr/admin/user_management',	NULL,	NULL,	NULL,	'2026-06-09 04:10:52',	0),
(23,	'DEPRECATED',	NULL,	'htmlspecialchars(): Passing null to parameter #1 ($string) of type string is deprecated',	'/var/www/html/ilham.didzacorp.com/lms_alihsan_btr/admin/user_management.php',	251,	NULL,	'/lms_alihsan_btr/admin/user_management',	NULL,	NULL,	NULL,	'2026-06-09 04:10:52',	0),
(24,	'DEPRECATED',	NULL,	'htmlspecialchars(): Passing null to parameter #1 ($string) of type string is deprecated',	'/var/www/html/ilham.didzacorp.com/lms_alihsan_btr/admin/user_management.php',	251,	NULL,	'/lms_alihsan_btr/admin/user_management',	NULL,	NULL,	NULL,	'2026-06-09 04:10:52',	0),
(25,	'WARNING',	NULL,	'Undefined array key \"id\"',	'/var/www/html/ilham.didzacorp.com/lms_alihsan_btr/admin/dashboard.php',	35,	NULL,	'/lms_alihsan_btr/admin/dashboard',	NULL,	NULL,	NULL,	'2026-06-09 04:11:04',	0),
(26,	'EXCEPTION',	NULL,	'Call to undefined function get_kelas_mapel_guru()',	'/var/www/html/ilham.didzacorp.com/lms_alihsan_btr/guru/dashboard.php',	13,	NULL,	'/lms_alihsan_btr/guru/dashboard',	NULL,	NULL,	NULL,	'2026-06-17 07:14:40',	0),
(27,	'EXCEPTION',	NULL,	'Call to undefined function get_kelas_mapel_guru()',	'/var/www/html/ilham.didzacorp.com/lms_alihsan_btr/guru/dashboard.php',	13,	NULL,	'/lms_alihsan_btr/guru/dashboard',	NULL,	NULL,	NULL,	'2026-06-17 07:14:50',	0),
(28,	'EXCEPTION',	NULL,	'Call to undefined function get_kelas_mapel_guru()',	'/var/www/html/ilham.didzacorp.com/lms_alihsan_btr/guru/tugas.php',	10,	NULL,	'/lms_alihsan_btr/guru/tugas',	NULL,	NULL,	NULL,	'2026-06-17 07:15:49',	0),
(29,	'EXCEPTION',	NULL,	'Call to undefined function get_kelas_mapel_guru()',	'/var/www/html/ilham.didzacorp.com/lms_alihsan_btr/guru/dashboard.php',	13,	NULL,	'/lms_alihsan_btr/guru/dashboard',	NULL,	NULL,	NULL,	'2026-06-19 10:23:46',	0),
(30,	'EXCEPTION',	NULL,	'Call to undefined function get_kelas_mapel_guru()',	'/var/www/html/ilham.didzacorp.com/lms_alihsan_btr/guru/dashboard.php',	13,	NULL,	'/lms_alihsan_btr/guru/dashboard',	NULL,	NULL,	NULL,	'2026-06-19 10:24:00',	0),
(31,	'EXCEPTION',	NULL,	'Call to undefined function get_kelas_mapel_guru()',	'/var/www/html/ilham.didzacorp.com/lms_alihsan_btr/guru/dashboard.php',	13,	NULL,	'/lms_alihsan_btr/guru/dashboard',	NULL,	NULL,	NULL,	'2026-06-19 10:24:38',	0),
(32,	'EXCEPTION',	NULL,	'Call to undefined function get_kelas_mapel_guru()',	'/var/www/html/ilham.didzacorp.com/lms_alihsan_btr/guru/dashboard.php',	13,	NULL,	'/lms_alihsan_btr/guru/dashboard',	NULL,	NULL,	NULL,	'2026-06-19 10:25:00',	0),
(33,	'EXCEPTION',	NULL,	'Call to undefined function get_kelas_mapel_guru()',	'/var/www/html/ilham.didzacorp.com/lms_alihsan_btr/guru/absensi.php',	92,	NULL,	'/lms_alihsan_btr/guru/absensi',	NULL,	NULL,	NULL,	'2026-06-19 10:25:11',	0),
(34,	'EXCEPTION',	NULL,	'Call to undefined function get_flash()',	'/var/www/html/ilham.didzacorp.com/lms_alihsan_btr/admin/kelas_siswa.php',	309,	NULL,	'/lms_alihsan_btr/admin/kelas_siswa',	NULL,	NULL,	NULL,	'2026-06-20 18:14:01',	0),
(35,	'EXCEPTION',	NULL,	'Call to undefined function get_flash()',	'/var/www/html/ilham.didzacorp.com/lms_alihsan_btr/admin/kelas_siswa.php',	309,	NULL,	'/lms_alihsan_btr/admin/kelas_siswa',	NULL,	NULL,	NULL,	'2026-06-20 18:14:20',	0),
(36,	'EXCEPTION',	NULL,	'Call to undefined function get_flash()',	'/var/www/html/ilham.didzacorp.com/lms_alihsan_btr/admin/kelas_siswa.php',	309,	NULL,	'/lms_alihsan_btr/admin/kelas_siswa',	NULL,	NULL,	NULL,	'2026-06-20 18:15:20',	0);

DROP TABLE IF EXISTS `tahun_ajaran`;
CREATE TABLE `tahun_ajaran` (
  `id` int NOT NULL AUTO_INCREMENT,
  `tahun` varchar(10) COLLATE utf8mb4_general_ci NOT NULL,
  `is_active` tinyint(1) DEFAULT '0',
  PRIMARY KEY (`id`),
  UNIQUE KEY `tahun` (`tahun`)
) ENGINE=InnoDB DEFAULT CHARSET=utf8mb4 COLLATE=utf8mb4_general_ci;

INSERT INTO `tahun_ajaran` (`id`, `tahun`, `is_active`) VALUES
(2,	'2025/2026',	0),
(3,	'2026/2027',	1);

DROP TABLE IF EXISTS `tugas`;
CREATE TABLE `tugas` (
  `id` int NOT NULL AUTO_INCREMENT,
  `kelas_mapel_id` int NOT NULL,
  `judul` varchar(200) COLLATE utf8mb4_general_ci NOT NULL,
  `deskripsi` text COLLATE utf8mb4_general_ci,
  `kategori_nilai` enum('SUM1','SUM2','SUM3','SUM4','NH') COLLATE utf8mb4_general_ci NOT NULL DEFAULT 'NH',
  `batas_waktu` datetime DEFAULT NULL,
  `created_at` datetime DEFAULT CURRENT_TIMESTAMP,
  PRIMARY KEY (`id`),
  KEY `kelas_mapel_id` (`kelas_mapel_id`),
  CONSTRAINT `fk_tugas_kelasmapel` FOREIGN KEY (`kelas_mapel_id`) REFERENCES `kelas_mapel` (`id`) ON DELETE CASCADE
) ENGINE=InnoDB DEFAULT CHARSET=utf8mb4 COLLATE=utf8mb4_general_ci;


DROP TABLE IF EXISTS `users`;
CREATE TABLE `users` (
  `id` int NOT NULL AUTO_INCREMENT,
  `username` varchar(50) COLLATE utf8mb4_general_ci NOT NULL,
  `password` varchar(255) COLLATE utf8mb4_general_ci NOT NULL,
  `role_id` tinyint(1) NOT NULL,
  `nama_lengkap` varchar(100) COLLATE utf8mb4_general_ci NOT NULL,
  `nip_nis` varchar(20) COLLATE utf8mb4_general_ci DEFAULT NULL,
  `jenis_kelamin` enum('L','P') COLLATE utf8mb4_general_ci DEFAULT NULL,
  `foto` varchar(255) COLLATE utf8mb4_general_ci DEFAULT NULL,
  `is_active` tinyint(1) DEFAULT '1',
  `created_at` datetime DEFAULT CURRENT_TIMESTAMP,
  PRIMARY KEY (`id`),
  UNIQUE KEY `username` (`username`),
  UNIQUE KEY `nip_nis` (`nip_nis`),
  KEY `role_id` (`role_id`),
  CONSTRAINT `fk_users_role` FOREIGN KEY (`role_id`) REFERENCES `roles` (`id`)
) ENGINE=InnoDB DEFAULT CHARSET=utf8mb4 COLLATE=utf8mb4_general_ci;

INSERT INTO `users` (`id`, `username`, `password`, `role_id`, `nama_lengkap`, `nip_nis`, `jenis_kelamin`, `foto`, `is_active`, `created_at`) VALUES
(1,	'admin',	'$2y$10$HO.hygUJUFXqABFfONqYLO/KIemr2jIs0w36K2IVp0D0XUcCLRjFu',	1,	'Administrator',	'ADMIN001',	NULL,	NULL,	1,	'2026-05-08 21:57:12'),
(20,	'022',	'$2y$10$iqajqPT9UI4.JxpbOmp95uWg0Fu.kO39A5rZnJxPhu755MSgM1fhK',	2,	'ILHAM RIZQIAWAN, S.Pd.',	'',	'L',	NULL,	1,	'2026-05-12 18:48:56'),
(21,	'001',	'$2y$10$Eg1FKUraMvAjMAOKjWeSyuGIGY54/ZF04bUbLg93K.5edD6REV2eS',	4,	'Dra. Hj. LINA NURHASANAH',	'196808111994032001',	NULL,	NULL,	1,	'2026-05-13 07:39:55'),
(24,	'7101',	'$2y$10$M5..dolQVDzqQIwUgIXZj.y9UY039Iglz7bmIndU1UdPzbvG6eUlu',	3,	'ALIFIA NUR FAIZAH',	'7101',	NULL,	NULL,	1,	'2026-05-14 08:42:32'),
(25,	'7102',	'$2y$10$iATU7MjXPX9g2TRRTx2fBe0ln3ooxodRlM94TKu/HMWZbdsHggJ1a',	3,	'AQILLA RAISYA PUTRI',	'7102',	NULL,	NULL,	1,	'2026-05-14 08:42:33'),
(26,	'7103',	'$2y$10$cmG1ojWvrAJFbCNWa1Sxc.YA.DBxbJPaz3Ojw89admMjlm0BHrWfW',	3,	'FADLI MUKSIN KHAMIL',	'7103',	NULL,	NULL,	1,	'2026-05-14 08:42:34'),
(27,	'7104',	'$2y$10$gHDOiKo1QPg9H6AUlPAcHOZnY2ZGAHAoiUVtP.lAa8DMmi4W5vJd.',	3,	'FAREL ANANDA PUTRA',	'7104',	NULL,	NULL,	1,	'2026-05-14 08:42:34'),
(28,	'7105',	'$2y$10$8KHY0dxJ8TkJxhRUsVPI9O8YS0WXLiCHHfbulBKoBnOPn1O7iL2EC',	3,	'FIRYAL ASKANA SAKHI',	'7105',	NULL,	NULL,	1,	'2026-05-14 08:42:35'),
(29,	'7106',	'$2y$10$2r88.86z2V4CTiPGPfbpAuwhQtFPn8Fhq8J6XL9OS/7ysOuzy27s.',	3,	'HANUN NUR FADHILAH',	'7106',	NULL,	NULL,	1,	'2026-05-14 08:42:36'),
(30,	'7107',	'$2y$10$C1tSMNy9t0ov3pNToOC2gex6VUOGqnspIfkPVtXvTdS1pXZ8h.6aq',	3,	'ICHA LATIFA',	'7107',	NULL,	NULL,	1,	'2026-05-14 08:42:36'),
(31,	'7108',	'$2y$10$5GzPuaq4JuN/Tf/fpUUmZusBho3hy9/CmsmYn8w3Zgul1BKeYKHj.',	3,	'KANAYA',	'7108',	NULL,	NULL,	1,	'2026-05-14 08:42:37'),
(32,	'7109',	'$2y$10$Qb4Ek/ZBUwj3.na0doYEmOTa6HvDSDV.NGkZKfVPLVkFKbYaPqYsm',	3,	'KHALIFA AMISHA SAGIRA',	'7109',	NULL,	NULL,	1,	'2026-05-14 08:42:37'),
(33,	'7110',	'$2y$10$ZHYTx0l909WQ17jx8INwS.3MJKXlKoFb6A.mOsrK5FLnaX4yTonrG',	3,	'KINARAISA AN-NAAFI WIRAWAN',	'7110',	NULL,	NULL,	1,	'2026-05-14 08:42:38'),
(34,	'7111',	'$2y$10$cZT7U/O3aCdAsNqFJ/tI6Oj9lAihyPwmQYfk58NFJdZcfB.m0qaam',	3,	'LABIB MU\'AZAM',	'7111',	NULL,	NULL,	1,	'2026-05-14 08:42:38'),
(35,	'7112',	'$2y$10$2f7X.vfjkg3Z7CC8O5y/7utD/tYqURKybu.nI.OSz1n7CHQMnNRYm',	3,	'M RIFKI KHOIRUL AKBAR',	'7112',	NULL,	NULL,	1,	'2026-05-14 08:42:39'),
(36,	'7113',	'$2y$10$cBNyugbS/t..R2FF/2b5UuCTJWAPRyKGxa9BbEoPvUyHdueyrvZxG',	3,	'MAULANA IDRIS',	'7113',	NULL,	NULL,	1,	'2026-05-14 08:42:39'),
(37,	'7117',	'$2y$10$8JH.aocP7bENZXxWCvHmMuQ.hJjA.3rIk/Sm.4i6DXDrfuPUSHn9S',	3,	'MUHAMAD NURSATYA BOAN',	'7117',	NULL,	NULL,	1,	'2026-05-14 08:42:39'),
(38,	'7118',	'$2y$10$Piyuw2kSMW63aRbnDhVF4eqGq8lJ1D.HMVs0BbZSyQxCGu45o272y',	3,	'MUHAMAD ZAYID RAMADHAN',	'7118',	NULL,	NULL,	1,	'2026-05-14 08:42:40'),
(39,	'7114',	'$2y$10$pfC7Zm3Xj/5Gol.4CEEhmuaQIwgKbcQV6L75cwKnyY.PtMtngW2XC',	3,	'MUHAMMAD DZAKIYY DZIKRULLAH',	'7114',	NULL,	NULL,	1,	'2026-05-14 08:42:40'),
(40,	'7115',	'$2y$10$Y3H3i29NIE0Vqyu2QK2bAOifQdwMnvKFHs.AQJe8snE8hy63.sSF6',	3,	'MUHAMMAD FADHILAH AL KHALIFI',	'7115',	NULL,	NULL,	1,	'2026-05-14 08:42:41'),
(41,	'7116',	'$2y$10$O/uh7OAK0jDBPZXftFZlgeKItpj9UGTp0u/wy7VPs9D1vNG7vws6m',	3,	'MUHAMMAD FATAH AZRIANSYAH',	'7116',	NULL,	NULL,	1,	'2026-05-14 08:42:41'),
(42,	'7119',	'$2y$10$bMgIUnOAX2oGniyvPrDspu7kKPUvGFNY7SfzgcxndWe62zgqGBcyW',	3,	'NAILA SEPTIANA SAKIRA',	'7119',	NULL,	NULL,	1,	'2026-05-14 08:42:42'),
(43,	'7120',	'$2y$10$las6HiZ2r2hXaQmkZrxvu.qrn6fBeyNL2KC8uqquHy1ZJ4ioduYbq',	3,	'NAURA BILQIS ANSORI',	'7120',	NULL,	NULL,	1,	'2026-05-14 08:42:42'),
(44,	'7121',	'$2y$10$.S05f9TqxiHlDQcnTtwSXukHiBYlKMLUALJXQqCb5fsNyBTKlQ1a2',	3,	'NAURA FAUZAHRA PUTRI',	'7121',	NULL,	NULL,	1,	'2026-05-14 08:42:43'),
(45,	'7122',	'$2y$10$aY8aJhNLgzejZkqbMgij/u8PObSkyszF2JMJX0EcS1Ycdy4U4NmAS',	3,	'QITSHI NUR FADILLAH',	'7122',	NULL,	NULL,	1,	'2026-05-14 08:42:43'),
(46,	'7124',	'$2y$10$fgaYk9h929RZtJHaqmvbZesDtfw0dpVnHDJunBRf4Rnh6PKPOVxkW',	3,	'RAISHA CHANTIKA APRILLIA',	'7124',	NULL,	NULL,	1,	'2026-05-14 08:42:44'),
(47,	'7123',	'$2y$10$XBQkMn3/9e52Yeope/FxX.mL4z4wzdzRlfIlelqOVFcBtmWsaT1dS',	3,	'RAISSA AQILA PUTRI',	'7123',	NULL,	NULL,	1,	'2026-05-14 08:42:44'),
(48,	'7125',	'$2y$10$c7mpY8Xu7rFNtKVplurJLuK86UcCGFpzOLPWTpcWKuSiQKivYaDIW',	3,	'RAISYA TALITA ZAHRAN',	'7125',	NULL,	NULL,	1,	'2026-05-14 08:42:44'),
(49,	'7127',	'$2y$10$eSSUfPoLinvKOs2e3SIdP.k.HbKhzpC1It/TfaEHd8ISis6Z5atBa',	3,	'SHAQUILLE FIDELYA AHMAD',	'7127',	NULL,	NULL,	1,	'2026-05-14 08:42:45'),
(50,	'7128',	'$2y$10$UGt9Gr1KufnOXUKcspeZtOePDS6BT25vWAJTmMbD.1BZOgggV67aO',	3,	'TEUKU MUHAMMAD ISKANDAR',	'7128',	NULL,	NULL,	1,	'2026-05-14 08:42:45'),
(51,	'7129',	'$2y$10$PAY..pVYgNlWgZrkQVSsLuShloynoy9Qda8d7xqaKuOSIsOerSRLW',	3,	'WILDANSYAH ALFAZIO MUHAMMAD',	'7129',	NULL,	NULL,	1,	'2026-05-14 08:42:46'),
(52,	'7130',	'$2y$10$FaoWJPOO.u8pi6RxiRisNOU5IjB7T66gFgzQfLlgJvj7Truj2qK5u',	3,	'YASMIN ZALFA RAQILLA PANGESTU',	'7130',	NULL,	NULL,	1,	'2026-05-14 08:42:46'),
(53,	'7131',	'$2y$10$Q9UXLD0RhmA6t6zNI0hmhuYuQgZu7bxKu1N6mJ7sCfukTn/aE8CJe',	3,	'YUHAN FAUSTINA ASGANI',	'7131',	NULL,	NULL,	1,	'2026-05-14 08:42:47'),
(54,	'7132',	'$2y$10$K.I6Cdac/M4zNGiI9Bovjek85k.fBX1s7DCkXqCpBthQOK5gj8nHO',	3,	'ZAHRA NUR ASYIFA',	'7132',	NULL,	NULL,	1,	'2026-05-14 08:42:47'),
(55,	'7201',	'$2y$10$uklDUrG08Pa5.5aYdBFtsOjClZ.KqXuqWSBR0PGHkAAm1T94A1ZZe',	3,	'AGNIA SALIMATUS SADIAH',	'7201',	NULL,	NULL,	1,	'2026-05-14 08:42:48'),
(56,	'7202',	'$2y$10$j9Ue2YrPcitqz07PEVCLreby.VyI63QDI0c4tzNGESIINcl2xSrj.',	3,	'ALBY ARKAN MUSYAFFA',	'7202',	NULL,	NULL,	1,	'2026-05-14 08:42:48'),
(57,	'7203',	'$2y$10$f518sf3QaeH5EA/w00BnAeYAJeZrq3qMG0TwxZFnN4/5BgKcAWk32',	3,	'ALISHA RAHMA ADISTIA',	'7203',	NULL,	NULL,	1,	'2026-05-14 08:42:49'),
(58,	'7204',	'$2y$10$84MDokRcDrecKG3EyEc/9u7Yz6m8hmC9aVwZsbJaZm4WVI3ygSdA6',	3,	'ANIZAM KHOIRIL NUR AZMI',	'7204',	NULL,	NULL,	1,	'2026-05-14 08:42:49'),
(59,	'7205',	'$2y$10$Q.6PsEqcw.0NYwTUU9FabOLrJgyrbBii6tiLVFbQtrb0q951RhMcq',	3,	'ARSYA SARA AL ZAHIRA',	'7205',	NULL,	NULL,	1,	'2026-05-14 08:42:49'),
(60,	'7206',	'$2y$10$YPwN7KAqYfOfJSrkFiILGewar2iiTXtsoLz.GWYeOX2MhxbdiEvRO',	3,	'AZZAM MUWALIED',	'7206',	NULL,	NULL,	1,	'2026-05-14 08:42:50'),
(61,	'7207',	'$2y$10$i0Kk5DzNVZJ5sOCk9BPvNOU5m.VO0j8nZUEOknNvOxdA7D1Sga2ym',	3,	'ENZI FITRAH HARDIANSYAH',	'7207',	NULL,	NULL,	1,	'2026-05-14 08:42:50'),
(62,	'7208',	'$2y$10$CzwPahEmedSx.fShN9IDVeN5DxSp5eXW8TKiaIHyOhbJvvapSPi2q',	3,	'EUIS GHINA KHOIRUNISA',	'7208',	NULL,	NULL,	1,	'2026-05-14 08:42:50'),
(63,	'7209',	'$2y$10$ADJvlBYpHkarS/Cs76Xo6.e47lqCh6zhBmSqAFIwVZ7y8VABAFj1q',	3,	'FAIZA NABIL SAPUTRA',	'7209',	NULL,	NULL,	1,	'2026-05-14 08:42:51'),
(64,	'7210',	'$2y$10$IvYHxP0vVkUiaq8zGHMdveaQDA48JgXXDHxwLlHaWO5.9npTI2Dra',	3,	'HAYFA AZARIA DIELLA',	'7210',	NULL,	NULL,	1,	'2026-05-14 08:42:51'),
(65,	'7211',	'$2y$10$.Zwmp7K9MbCYFqEYW8riWOUb8yf7OQqZ68buP0uudqzD9/U2baOKW',	3,	'KARINA NUR AZIZAH',	'7211',	NULL,	NULL,	1,	'2026-05-14 08:42:51'),
(66,	'7212',	'$2y$10$TajA//UFJ/elKkd89d3Oyu2RKnoUxq3bNunvorisDdiwXOxyj43E.',	3,	'KHAIRA GHASSANY MAJID',	'7212',	NULL,	NULL,	1,	'2026-05-14 08:42:52'),
(67,	'7213',	'$2y$10$EuLvS9VxIcXPNajQRgnB6eSIRHTZXnvXnHbD3A/kv089EHWJ/CLxW',	3,	'M DAFA H R',	'7213',	NULL,	NULL,	1,	'2026-05-14 08:42:52'),
(68,	'7214',	'$2y$10$PtmZ7Dm3ia5MiNKY..G/Cum8eRpFZbWS7xpvfLZUz1JSwhv0KKdZy',	3,	'MOCHAMMAD ALTAN MAHVIN DILARA',	'7214',	NULL,	NULL,	1,	'2026-05-14 08:42:52'),
(69,	'7216',	'$2y$10$IWLjX1EWlevbDI0ZRRW8Pe5/ddULwI4BxJML3A4pr9oqsU1TkmLU2',	3,	'MUHAMAD ASRI ARYA AKBAR',	'7216',	NULL,	NULL,	1,	'2026-05-14 08:42:53'),
(70,	'7220',	'$2y$10$Gcqc0b6E3qvU4VqR1315T.r836ZTYh9WNAX6iU66ui2PSuiArtNR6',	3,	'MUHAMAD ZEEREN ZUBAIR AZAM',	'7220',	NULL,	NULL,	1,	'2026-05-14 08:42:53'),
(71,	'7215',	'$2y$10$srKdjah9Y4p7kv7okeGaUuxRcFalb8Z4h9o0CShsqk.YoRStlIP7q',	3,	'MUHAMMAD ARSYAD FAKHRULLAH',	'7215',	NULL,	NULL,	1,	'2026-05-14 08:42:53'),
(72,	'7217',	'$2y$10$sWqu8DulBV6LLbBHVeC9dOLbYAsGlbFJNsHZkrBIela8p.YBKgIWi',	3,	'MUHAMMAD FADLI AN-NAWAWI',	'7217',	NULL,	NULL,	1,	'2026-05-14 08:42:54'),
(73,	'7218',	'$2y$10$piaxVr6geXTUyISpIXRidOYTCV7UEFzyNmnhOHUWZZNidLQv0I6xi',	3,	'MUHAMMAD FAZAR MUTTAQIN',	'7218',	NULL,	NULL,	1,	'2026-05-14 08:42:54'),
(74,	'7219',	'$2y$10$BnCQW9vKCN1dHm5sYp60T.PieLdmz3aRifzO0iq/uYK1zFi50ZT5G',	3,	'MUHAMMAD RAFI AL RASYID',	'7219',	NULL,	NULL,	1,	'2026-05-14 08:42:55'),
(75,	'7221',	'$2y$10$3SPHJcBwXr3fNBLkxY0ADu1e9JVgybu5AHpFN.cmIfLOO1f6bvLzi',	3,	'NAFISA ARPIANI',	'7221',	NULL,	NULL,	1,	'2026-05-14 08:42:55'),
(76,	'7222',	'$2y$10$Kii19HraIBIEjrbQg4OJWemkqGqdyUPW756Q65qkdVUOYrK6eua3G',	3,	'NATASYA PUTRI SYAEPUDIN',	'7222',	NULL,	NULL,	1,	'2026-05-14 08:42:55'),
(77,	'7223',	'$2y$10$mCs84vWtLpPNVrjpyF2RM.USidiSPq6vhnfG1uUAR2WDiU4cSLyk2',	3,	'NAYLA AZZAHRA',	'7223',	NULL,	NULL,	1,	'2026-05-14 08:42:56'),
(78,	'7224',	'$2y$10$4yAfzDMdxCJmZT52i5GQs.RyCA.DBkxURIOYFG6i/bxlBaqnmbQOG',	3,	'NAYLA RIFATUL ZAHRA',	'7224',	NULL,	NULL,	1,	'2026-05-14 08:42:56'),
(79,	'7225',	'$2y$10$VrWBnorkHPXYkwRkfxVCpeRH.lqVS3f128epxvp6M4aOkrthrB27q',	3,	'PRANANDA AHMAD FADILA',	'7225',	NULL,	NULL,	1,	'2026-05-14 08:42:57'),
(80,	'7226',	'$2y$10$acVHRvHrEHxWeiTluJ43BO2tYGPkVVYdVrH1N8BJsnnpNqJVQ/p0a',	3,	'RAISA DEA ANANDA D',	'7226',	NULL,	NULL,	1,	'2026-05-14 08:42:57'),
(81,	'7227',	'$2y$10$SZCOYFg07ZQpvbg2pfDqz.aX.fBCk556bPnfhrMpAmZHK2aGVGKPm',	3,	'RAMDANI SAPUTRA',	'7227',	NULL,	NULL,	1,	'2026-05-14 08:42:57'),
(82,	'7228',	'$2y$10$ycuyoTH2LDRHtCCRK0ozuOeOOoXguOru6CCVN4H01R1cbgXgbs/r2',	3,	'RASHDAN SYAM KOMARA',	'7228',	NULL,	NULL,	1,	'2026-05-14 08:42:58'),
(83,	'7229',	'$2y$10$riQTv.zD9ERPbQkBWabW.ez61WFMoOcNwbyEhwKCfP5BxvKF9pMTC',	3,	'SALSABILA PUTRI FIRMANSYAH',	'7229',	NULL,	NULL,	1,	'2026-05-14 08:42:58'),
(84,	'7230',	'$2y$10$ni9b/7Jqc9fGiJjl8HSp9.vanoiBJo80B3HY3XAGwnvodex8lUeHm',	3,	'SITI MARWAH KHAIRUNNISA',	'7230',	NULL,	NULL,	1,	'2026-05-14 08:42:58'),
(85,	'7231',	'$2y$10$rD9qBLCFc/UogMgkymHoI.Z83WhRHBoa12bLihiEPZituO7G5CaDS',	3,	'TASYA THALITA HASNA',	'7231',	NULL,	NULL,	1,	'2026-05-14 08:42:59'),
(86,	'7232',	'$2y$10$5eSjFw3Wbn/e9bmvR4NE7.XGiYttqoMjljGBbwf/g4VA8T0eHDoW2',	3,	'ZAID AL-GHIFAR RAHARJA',	'7232',	NULL,	NULL,	1,	'2026-05-14 08:42:59'),
(87,	'7301',	'$2y$10$e1yDERbvzKJa6JgGXgTyBut.xxQjdM.m0TUhZ3INxjYeNihD4CAw2',	3,	'ABBAS SYATHIR BAHRI',	'7301',	NULL,	NULL,	1,	'2026-05-14 08:42:59'),
(88,	'7302',	'$2y$10$ip81OSZ59V6dLPz9AZ49u.GnBYAUS51XS4i8jmdG39.BZHOS5FYRe',	3,	'AIZHAR RAINER ZAIDAN',	'7302',	NULL,	NULL,	1,	'2026-05-14 08:43:00'),
(89,	'7303',	'$2y$10$yXFd0kNx2lMwb9GY0cVSIOJmAycRIOQwdG6fdJQCZ/DbsXbDUtUWG',	3,	'AMABEL JESSICA AZALIA',	'7303',	NULL,	NULL,	1,	'2026-05-14 08:43:00'),
(90,	'7304',	'$2y$10$qmlSn1KwEemI8Utuhfch8O5zA0O8AVV9BEm3cIv/i1ShsLpW5t5SW',	3,	'DITA AINUNNISA',	'7304',	NULL,	NULL,	1,	'2026-05-14 08:43:01'),
(91,	'7305',	'$2y$10$E6pSTrBVSOgcMVTNRyAosu65vYItUjlYkNpUYnlmQVOsThJbAPcb6',	3,	'FAISAL ZAKY AZ-ZAUHARI',	'7305',	NULL,	NULL,	1,	'2026-05-14 08:43:01'),
(92,	'7306',	'$2y$10$yKU.WtUXMYBQrGEHSngXGelaANT1a5BiQsz7VEXW38Eie2WjQPj5.',	3,	'FATHIR RIFFAD HARIRI',	'7306',	NULL,	NULL,	1,	'2026-05-14 08:43:01'),
(93,	'7307',	'$2y$10$.FEf/sZGk63tzJU1rIK5q.X1wV85U2tpi6CrI.H.Nu7IfokZyeCEq',	3,	'GAITSA JOAKIMA AUMAE',	'7307',	NULL,	NULL,	1,	'2026-05-14 08:43:02'),
(94,	'7308',	'$2y$10$fH1KJ78s0PTPXi5pjOsEQelHXw5OBIQ5kfbYDvj.Dg3MB1RpZiCZW',	3,	'ILMAN RAHMAT FAUZAAN',	'7308',	NULL,	NULL,	1,	'2026-05-14 08:43:02'),
(95,	'7309',	'$2y$10$nMhcYZjp5c7igtjlGWkM7.iYf5Cns7j8HhpYq5it7THvYW7ztjYvu',	3,	'KAELA AZZAHRA KHAIRUNISA',	'7309',	NULL,	NULL,	1,	'2026-05-14 08:43:02'),
(96,	'7310',	'$2y$10$hbc5qNNV9OpKYmQUWoPt0ube3J.eu.V.KujBfpywv.hYAfLczjWeq',	3,	'KEYSA PUTRI AISA',	'7310',	NULL,	NULL,	1,	'2026-05-14 08:43:03'),
(97,	'7311',	'$2y$10$2dKQK6QweviQEGiyZ8xOr./AQ0n1Fai.9Op/V6siMi2Jqy0mpHikS',	3,	'KEYSHA SHAKEELA ALI',	'7311',	NULL,	NULL,	1,	'2026-05-14 08:43:03'),
(98,	'7312',	'$2y$10$xDG1BHoOOfjjOvR00zXWSesevBw5E600Mt2O99EtBFMGxi1I2Im5m',	3,	'KHANSA FATIHA ULFAH',	'7312',	NULL,	NULL,	1,	'2026-05-14 08:43:03'),
(99,	'7313',	'$2y$10$P7X9Wt3Ib42YD2JK7h4e5.M0neMurzUCASqFI3RIaU8fVqtwAnm42',	3,	'LEIDA ACQUEELIA AFEEFA',	'7313',	NULL,	NULL,	1,	'2026-05-14 08:43:04'),
(100,	'7315',	'$2y$10$UvKY3ZpakjE/bx2nceaJ1uGDHybWqBAr7JyGWoQJnwk4hil6mD2AK',	3,	'MAHDA SYAKIRA RAMADHANI',	'7315',	NULL,	NULL,	1,	'2026-05-14 08:43:04'),
(101,	'7314',	'$2y$10$t3FQ6OGu.RLT98FgPXce0OwMtfRdKvPPphb8KMBB/eon9RHyZ230S',	3,	'MUHAMAD ALQA AL HAFIZT',	'7314',	NULL,	NULL,	1,	'2026-05-14 08:43:04'),
(102,	'7316',	'$2y$10$581BEePhQmVZc6wrbvLgN.Vg4bu/0.bEUczm1.dJj/zYRrxCIkMuq',	3,	'MUHAMMAD FAISAL MUSTOFA',	'7316',	NULL,	NULL,	1,	'2026-05-14 08:43:05'),
(103,	'7317',	'$2y$10$T.vCoXKowdF4Ti3el3VuWufEFW8JQ81NLj6Pnmg3DCyETpjmir2Pi',	3,	'MUHAMMAD RAFA EL IBRAHIM',	'7317',	NULL,	NULL,	1,	'2026-05-14 08:43:05'),
(104,	'7318',	'$2y$10$Dlr1gmSsOOAX2yK1.TYC4ORFu1tyxxNQnOmIZ4GMsLKTU.Od6HyIy',	3,	'MUHAMMAD ZAIDAN',	'7318',	NULL,	NULL,	1,	'2026-05-14 08:43:05'),
(105,	'7319',	'$2y$10$TMJUnnAEaJOVJtDaIacSjO48l/vO1PlwUIJ1I1Q7Bf9Dq5AQWVtHG',	3,	'NADIRA AMANIA PERMADI',	'7319',	NULL,	NULL,	1,	'2026-05-14 08:43:06'),
(106,	'7320',	'$2y$10$hZrZ1UIa8C9r2M.YV46ClORsl14.byGDVIpGbBmNvWT/eFbhRBLmK',	3,	'NAILA APRILIA SYAKIRA',	'7320',	NULL,	NULL,	1,	'2026-05-14 08:43:06'),
(107,	'7321',	'$2y$10$sG2apn0LqdUX4bKW0cIBveIlqOUY1KX0gQrtuyUTQENfmLhtsFz9u',	3,	'NAUFAL ADITYA PRAWIRA',	'7321',	NULL,	NULL,	1,	'2026-05-14 08:43:07'),
(108,	'7322',	'$2y$10$QYqAWHKiGyKrhIFro7g77eBtzVRP8aOyjVP5BNsleytGLFBzJmJGC',	3,	'NAYLA AZALIA HAKIM',	'7322',	NULL,	NULL,	1,	'2026-05-14 08:43:08'),
(109,	'7323',	'$2y$10$IfaDgCMGc8Hwbb8w1u5Ez.Ss.rB/QricbLLtvifFJW7gqjfDZ.KgC',	3,	'NOVA MAHARANI NURFAJAR',	'7323',	NULL,	NULL,	1,	'2026-05-14 08:43:08'),
(110,	'7324',	'$2y$10$U0e2vQ2IRsdh3OqPWjJMnu8cgUQZ6OhGRjXhJlUgnwCixQeXqHmhC',	3,	'NUHA AUFA ASHILA',	'7324',	NULL,	NULL,	1,	'2026-05-14 08:43:09'),
(111,	'7325',	'$2y$10$2Eg0i23dUJS2EA/IHUNfwu7qRBEtVYyuj2b02qfg3E4JVFKx1mkWW',	3,	'PUTRI MUTIARA RAYA',	'7325',	NULL,	NULL,	1,	'2026-05-14 08:43:09'),
(112,	'7326',	'$2y$10$pCWDx4bnAL1nM3P/HWS5.uDenX18wbPzORRngfRCZsKuvJ/LHvXUy',	3,	'QIANDRA OKTA MAULANA',	'7326',	NULL,	NULL,	1,	'2026-05-14 08:43:09'),
(113,	'7327',	'$2y$10$L/dJdKDbm6Fm7l5PX8t9uuzo.5Hbco68TOG6YPfLoM38y6JeCjurS',	3,	'RIFAA MARLIANI',	'7327',	NULL,	NULL,	1,	'2026-05-14 08:43:10'),
(114,	'7328',	'$2y$10$H4.P04Gzr/33VHZm7WS21.j8tfw3jJQx6iopS4uvyUwGz5qVulm1C',	3,	'SALWA NUR RASHIFAH',	'7328',	NULL,	NULL,	1,	'2026-05-14 08:43:10'),
(115,	'7329',	'$2y$10$1bm512qxh7QIvdqh58FXP.ZYvra.P8s./0I7krnVS7F5CYyb5p46G',	3,	'TEDYSYAH AHMAD FILANDO',	'7329',	NULL,	NULL,	1,	'2026-05-14 08:43:11'),
(116,	'7330',	'$2y$10$BuO63wQ8tyn3krxeWM5r2uOWpKlHX2E1oVlzUNa87J6kpKCzSgqsW',	3,	'WAFI NUR AIDAH',	'7330',	NULL,	NULL,	1,	'2026-05-14 08:43:11'),
(117,	'7331',	'$2y$10$vD2LSgdz4MBjBgAH904o5ugoREpl83zwiv00MF4tUIuK.e6oW4Fxi',	3,	'ZAHIRA RAMADHANI',	'7331',	NULL,	NULL,	1,	'2026-05-14 08:43:11'),
(118,	'7332',	'$2y$10$hEFBYuJ3wVZ16idYA/PzhOlkvif5eLlGwMZ4gQvkzkQbkRXnT6Oy6',	3,	'ZAHRA ALMAIRA KHALISA',	'7332',	NULL,	NULL,	1,	'2026-05-14 08:43:12'),
(119,	'7434',	'$2y$10$XNy2dAzARvqZvXxQSul/7e4bvgdjbV70/j3KCdSvpPWPo2ewTvUHK',	3,	'AFDHAL DARAJATULLOH',	'7434',	NULL,	NULL,	1,	'2026-05-14 08:43:12'),
(120,	'7401',	'$2y$10$/5xnt0GKFT9TSG6ukqG03.hCN0SSFY4L2v3LAq94KPjkj9zPGkxki',	3,	'AIRA SALSABILA AZ ZAHRA',	'7401',	NULL,	NULL,	1,	'2026-05-14 08:43:12'),
(121,	'7402',	'$2y$10$Rzz6UeaZVfPNokGogRHkLOztXKR6K2uS3vykCMoXps05vcLBvmJlm',	3,	'ALDIO KENZIE ERLANGGA',	'7402',	NULL,	NULL,	1,	'2026-05-14 08:43:13'),
(122,	'7403',	'$2y$10$YkEbcvfkgYmfZ9uUYSllQeQB8cotH732qtOyyiNEYEUzBuh76qWd2',	3,	'ARKA MAULANA RIZKI',	'7403',	NULL,	NULL,	1,	'2026-05-14 08:43:13'),
(123,	'7404',	'$2y$10$wryTLm5D.rO5Rm0gTEo4JeMXRy4j2GeX4K2VjVR/bNdAijKt.UeaK',	3,	'ATHARIZZ RIZKY PERMANA',	'7404',	NULL,	NULL,	1,	'2026-05-14 08:43:14'),
(124,	'7405',	'$2y$10$Zhmuz9OLDLJPGcA3c65j4ejIdxqALLp96apfDjEAsZRfFPVmv8rS.',	3,	'AZKA SEPTIAN ZULFIKAR',	'7405',	NULL,	NULL,	1,	'2026-05-14 08:43:14'),
(125,	'7406',	'$2y$10$28m162QMQ9mmjNh8OICqYO/wDPQ8h/fdLJFJiCMYfCdlTu5FNEnyq',	3,	'DAFFA AL BUCHORI HERMAWAN',	'7406',	NULL,	NULL,	1,	'2026-05-14 08:43:14'),
(126,	'7407',	'$2y$10$9QihKWufbnlG4eJmveqBP.NDCepEkSga7EfKuovaCQXBERK/bNAeW',	3,	'FABIAN RADITHYA',	'7407',	NULL,	NULL,	1,	'2026-05-14 08:43:15'),
(127,	'7408',	'$2y$10$BahLGk6I4dZD93gio8LYQOrtUsc3Uta93NnDtgJdg/D0bLuMu5Z9O',	3,	'FAREEQ ZHAFIR MAULANA',	'7408',	NULL,	NULL,	1,	'2026-05-14 08:43:15'),
(128,	'7409',	'$2y$10$JbQmp8dkO1FJHkAN4GnxGekOvRRvMZ.k1.qzSITlF12x8PAi1VV.W',	3,	'HANNA SYAKILA SUDRAJAT',	'7409',	NULL,	NULL,	1,	'2026-05-14 08:43:16'),
(129,	'7410',	'$2y$10$O43tdmfPGySZsQSp88qLnuVgcLFck6xHnMKFA3Y6hYIBg6bbga51i',	3,	'INDRA NURAN FADHILAH',	'7410',	NULL,	NULL,	1,	'2026-05-14 08:43:16'),
(130,	'7411',	'$2y$10$/pOQpJvtkh4Efy47ijkbVORb8QIegM3g5dFA9FDDJk8j.yFgBw8Vu',	3,	'KEISYA AULIA PUTRI',	'7411',	NULL,	NULL,	1,	'2026-05-14 08:43:17'),
(131,	'7412',	'$2y$10$dgYd1Pzwq4lbn02vrPC4oOGpWAbRUe2RxizU614YzYZVm0oZuaXWK',	3,	'KHAIZAN MUHAMMAD RAFKA',	'7412',	NULL,	NULL,	1,	'2026-05-14 08:43:17'),
(132,	'7413',	'$2y$10$Aps/L8jgWvIMdyGya6uOYOwKWaQB.9XF96H/g1uBZF3h/vNuLQSVm',	3,	'KIRANA APRILLA ANZANI PUTRI',	'7413',	NULL,	NULL,	1,	'2026-05-14 08:43:17'),
(133,	'7414',	'$2y$10$5vf/RgoK.pUjyXzMAJO77OBFY8TiTWdRsl9lR5BmfyyepjBzJcRLm',	3,	'M MARCHEL GUSTA ZHAHIR PERMANA',	'7414',	NULL,	NULL,	1,	'2026-05-14 08:43:18'),
(134,	'7415',	'$2y$10$7CpDicJpSvc0noUbeUKjHui/A4TzRXDRVAC6mebDsyaHdyJao9W/.',	3,	'MOHAMMAD AZKA ANUGRAH',	'7415',	NULL,	NULL,	1,	'2026-05-14 08:43:18'),
(135,	'7417',	'$2y$10$g9wyq0z.Y3JgjqBkyQksf.vRgMzLSeaLxs/O3Xpv6XvQCivisA2BO',	3,	'MUHAMAD ADAM YUDISTIRA SEPTRIYANA',	'7417',	NULL,	NULL,	1,	'2026-05-14 08:43:18'),
(136,	'7416',	'$2y$10$dBOdhCsz7oGb9G5EeALwcuPtNTwxQ8joiqRwxD8MzzgbpHocVoiVm',	3,	'MUHAMAD RAIHAN NATA PUTRA KUSUMA',	'7416',	NULL,	NULL,	1,	'2026-05-14 08:43:19'),
(137,	'7420',	'$2y$10$YBOzVh2/CnyMrK5E1z7r7OUKKdELB7Co2dATrQ.cVje.FPGJhUCby',	3,	'MUHAMAD RIZKI ADITYA PUTRA',	'7420',	NULL,	NULL,	1,	'2026-05-14 08:43:19'),
(138,	'7418',	'$2y$10$.JYLmfkicVfPEFzXK9/Z3e9OpK1KPfefyCpP2KOGoVjFfnMQ8gG3a',	3,	'MUHAMMAD AZZAM PRADIPTA ZEROUN',	'7418',	NULL,	NULL,	1,	'2026-05-14 08:43:20'),
(139,	'7419',	'$2y$10$smI1UgGPinmbpd0xsfLqLuJTu1bDYQ0vw3YXe0hwb2UChbszGfTXG',	3,	'MUHAMMAD RAFASYA AL FARIZHI',	'7419',	NULL,	NULL,	1,	'2026-05-14 08:43:20'),
(140,	'7421',	'$2y$10$UlFqjCMl0qXG8TgYYwc1SeL6zFoUWCIDq4q5sx473aFUz8BQ2LSmO',	3,	'NABIL ALVERO APRILIO',	'7421',	NULL,	NULL,	1,	'2026-05-14 08:43:21'),
(141,	'7422',	'$2y$10$HndKrQn1wyCi95EzuGmkEOifPUr1HYzG30zklJyOlR3OOyxd8VevK',	3,	'PRABU SETIA ARYANTA',	'7422',	NULL,	NULL,	1,	'2026-05-14 08:43:21'),
(142,	'7423',	'$2y$10$19z4yRHj4q7i/iz2EpJI3uauVdFyVAts4CCEJAtnjIFXjwsyIXCxW',	3,	'RAEHAN AL-KAHFI PUTRA',	'7423',	NULL,	NULL,	1,	'2026-05-14 08:43:22'),
(143,	'7424',	'$2y$10$wE0Q2SFsmHJre9Bua1IuEekTUTJ5mNhpMZBR56gKOjXtd9OjbIkOO',	3,	'RAISHA AQILA ZAHRA',	'7424',	NULL,	NULL,	1,	'2026-05-14 08:43:22'),
(144,	'7427',	'$2y$10$OY/7IwjSQYWBYvzVBc7YU.V4hl0.0vLqHZEaNrU5g/DIKuuQYg4au',	3,	'SAHWA PUTRI TIHARA',	'7427',	NULL,	NULL,	1,	'2026-05-14 08:43:22'),
(145,	'7426',	'$2y$10$3aDzk7m2d2Y8.EozBzF0MuKS280foR/2T0UfpvOyGHgF5XDn3EcXK',	3,	'SALMA FAUZIYAH',	'7426',	NULL,	NULL,	1,	'2026-05-14 08:43:23'),
(146,	'7428',	'$2y$10$adU7WStjZyOG1psJjkyy/O7tjlyTC3ojecIsS81Lnysvi0AZLROYK',	3,	'SILVIA',	'7428',	NULL,	NULL,	1,	'2026-05-14 08:43:23'),
(147,	'7429',	'$2y$10$htTHBgm6OStd.XCqJwrB5.RPL1p2GnXq4QZOJar8g3mmmv3KIr7Ge',	3,	'SITI MARIAM',	'7429',	NULL,	NULL,	1,	'2026-05-14 08:43:23'),
(148,	'7433',	'$2y$10$1GhHOohlWawEwVQvDlhgKuHb98lqRU9MnL.sQzTwjewhqFxHJtipi',	3,	'TEUKU RENDRA GUNAWANSYAH',	'7433',	NULL,	NULL,	1,	'2026-05-14 08:43:24'),
(149,	'7430',	'$2y$10$yjJKcjp1bKCpQ9cE/qZ1xeqH7OMr4DWLENOFOiZW8vaUXNYirgOlC',	3,	'THORIQ PUTRA SURYA',	'7430',	NULL,	NULL,	1,	'2026-05-14 08:43:24'),
(150,	'7431',	'$2y$10$o1OkzMxgBmiz7ldYx7WP3ufLzqNG/tuQ9i6tM7uxGkZnflUJhT8Qi',	3,	'ZAHRA NUR FAIQAH',	'7431',	NULL,	NULL,	1,	'2026-05-14 08:43:25'),
(151,	'8101',	'$2y$10$N8U4/GJD.B8BV7jhr7x0qOeEW7olWjutCJOTCB7kR9dtKx4MgXswK',	3,	'AHMAD RIFAL',	'8101',	NULL,	NULL,	1,	'2026-05-14 08:43:25'),
(152,	'8102',	'$2y$10$5D1GfPeUfgpT/AIUljpqV.wS/tjgrQKpM/jv4prSnbXOrbtA9MwmW',	3,	'AILA MAIZA SURYA',	'8102',	NULL,	NULL,	1,	'2026-05-14 08:43:26'),
(153,	'8103',	'$2y$10$7SUI1MfClwNPsWKMq2WLE.piP0FiveI1Z0rvvM8ogD9PK75oUCK3m',	3,	'ALVIN PUTRA ARIEF BILLAH',	'8103',	NULL,	NULL,	1,	'2026-05-14 08:43:27'),
(154,	'8104',	'$2y$10$7pEiwqo2ARdiHVVvs.zJcORW2QqLyIyOjA6RVMXJagM4EKnbBaoCW',	3,	'AZRIN ALYA HUSNA',	'8104',	NULL,	NULL,	1,	'2026-05-14 08:43:27'),
(155,	'8105',	'$2y$10$QDyFCj6xPZ3UXrns5FfCg.zManI2Wi1xlRIpyf6APktkWsngkmTsW',	3,	'CESIKA QALESYA NUGRAHA',	'8105',	NULL,	NULL,	1,	'2026-05-14 08:43:28'),
(156,	'8106',	'$2y$10$eegb5/yiECM5c.yNi21Ra.5XrzPYtFKIu8RD.65DzkqVd.VazjBJ2',	3,	'DHESYA SITI JULAIKHA',	'8106',	NULL,	NULL,	1,	'2026-05-14 08:43:29'),
(157,	'8107',	'$2y$10$f4XDzQCOdy2WxcNB7LbhFOjGqIN.MsK1nMWZ67oMkYRtqJpoGgPPa',	3,	'FADLAH NURUL FAUZIAH',	'8107',	NULL,	NULL,	1,	'2026-05-14 08:43:29'),
(158,	'8108',	'$2y$10$CPpwMM4zVh5PLIt7lcqEEuuJ4c9y7NKPEF73Z/51R/1EbsuwN1bca',	3,	'FAKHRI ZAIDAN NUR ALAM',	'8108',	NULL,	NULL,	1,	'2026-05-14 08:43:30'),
(159,	'8109',	'$2y$10$MuiQHJz648BtZxbc2X3zH.jyJEDixSOu8KWVNr6wUQoFJmahkAoqe',	3,	'FARHAN JAYA HARTANA',	'8109',	NULL,	NULL,	1,	'2026-05-14 08:43:30'),
(160,	'8110',	'$2y$10$yUlOtxnwRc6oiTbUkTgyROqo3fe2EmH0RcxN7IDJ9kIxvvGJlEeP6',	3,	'FATIHA NABILA ALFITRIA',	'8110',	NULL,	NULL,	1,	'2026-05-14 08:43:30'),
(161,	'8111',	'$2y$10$oPEveiseQ42Y6lsPrgrkpezJ5i6J3svhX/sg/2bUYazBJA6tf1kv6',	3,	'HERLAN PERI PERDIANTO',	'8111',	NULL,	NULL,	1,	'2026-05-14 08:43:31'),
(162,	'8112',	'$2y$10$rwPpfnLtwN.l8nG7nVlWWud/NrU4bkluN81ytUto7Ka/dCGFevAqi',	3,	'JULIAN RIZKY RABBANA',	'8112',	NULL,	NULL,	1,	'2026-05-14 08:43:31'),
(163,	'8113',	'$2y$10$0..J3UD5p/qcyWQvojJh8uE2xafZYFW7on4oFLU1N1KdqPPaH02SK',	3,	'MOCHAMAD RIZKY PANGISTU SURACHMAN',	'8113',	NULL,	NULL,	1,	'2026-05-14 08:43:32'),
(164,	'8114',	'$2y$10$3U9tIAM7ZjS7Igkg9fC74uNWHMBsmnRTqrN9m5QuQ8liGPBNu2OW.',	3,	'MUHAMAD SYAHDAN ALHAJ',	'8114',	NULL,	NULL,	1,	'2026-05-14 08:43:32'),
(165,	'8130',	'$2y$10$5B/MT/4o/bw1vP1xyPcY8ORp4rCsYAueTLiYS4KgjIeW1Yid19cye',	3,	'Muhammad Assyifa Nur Alamsyah',	'8130',	NULL,	NULL,	1,	'2026-05-14 08:43:33'),
(166,	'8116',	'$2y$10$cHPx6Oh9HatRzguz9aWReuNRlcOY7SoVfamtqBeNBhkMqhn/ZXRli',	3,	'MUHAMMAD NAJMU SALIM AR RIFA\'I',	'8116',	NULL,	NULL,	1,	'2026-05-14 08:43:33'),
(167,	'8117',	'$2y$10$6IjTqvYVRRcGicx0WZyS6u08br6dCWzwEL63/3w0gvYKWG2VT.v9G',	3,	'NADILLA MUTIARA AYU',	'8117',	NULL,	NULL,	1,	'2026-05-14 08:43:34'),
(168,	'8118',	'$2y$10$MSDsyLMQyzuyxASPV7.C5.scVzA1dZXlApwCQtUF2A9kyrzUzP1.C',	3,	'NAFHIZA DIVIE ALZAIRA',	'8118',	NULL,	NULL,	1,	'2026-05-14 08:43:34'),
(169,	'8119',	'$2y$10$0oGeLqTpFG7YyWyWI8CUbOEtQG.RssOq4W/AAxPa0DL/SOSg7fj1i',	3,	'NIZAM MUZAKI',	'8119',	NULL,	NULL,	1,	'2026-05-14 08:43:35'),
(170,	'8120',	'$2y$10$1OUexpAujjdlItcqFRaCFOkmsumarPWT8aF0eMr2qdXFTiOpRKYoS',	3,	'RAMLI ANUGRAH',	'8120',	NULL,	NULL,	1,	'2026-05-14 08:43:36'),
(171,	'8121',	'$2y$10$t5VoiUteARjhWvKZnM2KiuTyTaMQNczY0cF0tIONWb.gKBZey91QC',	3,	'RANGGA MAULANA',	'8121',	NULL,	NULL,	1,	'2026-05-14 08:43:36'),
(172,	'8122',	'$2y$10$wneyH/LrZNCFIEHFbEWrYe/K9dIb.15d6DoDW0Ps/A0brY0.DTA5u',	3,	'RAYHAN PUTRA SOFYAN',	'8122',	NULL,	NULL,	1,	'2026-05-14 08:43:37'),
(173,	'8123',	'$2y$10$M8ocfCiMqaa.q4sdz0nsH.lfXaWMnz9q0jYf3fYpMpamwC8g0EFhS',	3,	'RIBKA MEYLIANA',	'8123',	NULL,	NULL,	1,	'2026-05-14 08:43:37'),
(174,	'8124',	'$2y$10$0gcDPT.rugaI.U/sHCnyGed.lK9XZqnQiDG0.cHI3qiAkrcLLDq1S',	3,	'SALMA SALSABILA AZAHRA',	'8124',	NULL,	NULL,	1,	'2026-05-14 08:43:37'),
(175,	'8125',	'$2y$10$a9Xhlcovpb/aPy1oaL7tku7pJDYuXHsNWUvzRMQd1dqlaiJ0nC5.S',	3,	'SALSA FADHILAH',	'8125',	NULL,	NULL,	1,	'2026-05-14 08:43:38'),
(176,	'8126',	'$2y$10$pZ5JNu6qKS/AvRZT3Wx4cePmKrZ1KW4s1PbAPaCwiZ2HiU.ARI.De',	3,	'VIRA NOVIANTI',	'8126',	NULL,	NULL,	1,	'2026-05-14 08:43:38'),
(177,	'8127',	'$2y$10$CKCOcoXYOvNgxj0wOBj9ZuoiianpxCUrXNRThjB8q8nDwtmKphJwG',	3,	'YANI KARTIKA',	'8127',	NULL,	NULL,	1,	'2026-05-14 08:43:39'),
(178,	'8301',	'$2y$10$JdFg7CkgMuanbd91UITFku/szEDV/qp3aTGXa0vRidoP.ofqO59.y',	3,	'ADI PUTRA PERMANA',	'8301',	NULL,	NULL,	1,	'2026-05-14 08:43:39'),
(179,	'8302',	'$2y$10$./EcnJhq0G2PjWUV6gSfVetL8QeBQmJBOUMPzhCyQjYz.zFEtlAle',	3,	'AFHIKA RAHMA YUNIAR',	'8302',	NULL,	NULL,	1,	'2026-05-14 08:43:39'),
(180,	'8303',	'$2y$10$rL7JGK0UKQcXVqcoW.YP1erjvQC9U8LFVwPv9AJ0VjMUiiyYHNpcS',	3,	'ALIEFA RIZKIA FADILAH',	'8303',	NULL,	NULL,	1,	'2026-05-14 08:43:40'),
(181,	'8304',	'$2y$10$7qZola7ZTFPvDiMBZhJDveE7lPBUm769MhXWBxQdN4NJ73BnoRIOK',	3,	'ALIYA QURROTA AYUNI',	'8304',	NULL,	NULL,	1,	'2026-05-14 08:43:40'),
(182,	'8305',	'$2y$10$h0wM25ImVbRxSDqXvtcUdeH4grE7wP.QO3GIuSpmnXtyJ/h7Y4KAa',	3,	'ARSI SULISTIAWATI',	'8305',	NULL,	NULL,	1,	'2026-05-14 08:43:41'),
(183,	'8306',	'$2y$10$HkeSm9hY4QXicAbDYWLwRe9xMoaB7Xc05lEKtkQm4RY8elU90n4py',	3,	'AZKHA ALEZSYA APRILIANIE',	'8306',	NULL,	NULL,	1,	'2026-05-14 08:43:41'),
(184,	'8307',	'$2y$10$3bz0J81dFedZf5bfVt6M5Oi08S3ZMTij.abf3Up1B5QhGpB5IgUqS',	3,	'INAYAH MUTHMAINAH',	'8307',	NULL,	NULL,	1,	'2026-05-14 08:43:41'),
(185,	'8308',	'$2y$10$QqsXFIMLNPSk.btHyL6B3ezULVSijdq0O585SeX5bkwX0MuXQWAKm',	3,	'IRDZAN FIRDANSYAH',	'8308',	NULL,	NULL,	1,	'2026-05-14 08:43:42'),
(186,	'8309',	'$2y$10$rCbyFyokr10gCznF88W7rOFLoTLdnd2zVx8RC6SBSr1bpwFnPq4dS',	3,	'IRSAN ALDY RISANDY',	'8309',	NULL,	NULL,	1,	'2026-05-14 08:43:42'),
(187,	'8310',	'$2y$10$DGvQtaDkNlq.05sW1KznkeUQT.WRcAzoD3wMhnH7714783DjeX/Ge',	3,	'JIHAN NABILLA ZAHRA',	'8310',	NULL,	NULL,	1,	'2026-05-14 08:43:42'),
(188,	'8311',	'$2y$10$XE03vwIKoTdE9hxjLAPMue24zHsyWbtPrgWCFcuN5cc1O43SRgCWq',	3,	'KANIA PEBRIYANI',	'8311',	NULL,	NULL,	1,	'2026-05-14 08:43:43'),
(189,	'8312',	'$2y$10$oMJDR5Oc2tw0SARSRFPABe..pa3orI3LXOU6TSEltDh2.kagxiLPK',	3,	'KEISYA ANASTASYA RUSNANDIKA',	'8312',	NULL,	NULL,	1,	'2026-05-14 08:43:43'),
(190,	'8313',	'$2y$10$pEV5gnWRjeFB7cVh8QuAi.j91TKMMMX1QgChDQoDTYEJcvb1dBAzu',	3,	'MAHADIRGA BINTANG RAMADHAN',	'8313',	NULL,	NULL,	1,	'2026-05-14 08:43:44'),
(191,	'8314',	'$2y$10$VctJqPMocAb3w7zjfMPGC.zIXNdOr1lB2xY/i0ov/i/7GaNulsA0.',	3,	'MOCHAMMAD DAFFA ALFAUZY',	'8314',	NULL,	NULL,	1,	'2026-05-14 08:43:44'),
(192,	'8315',	'$2y$10$cWuo1DGQtamL9XcnUwYO5uR41ddoYG48fYYbLruADzbRXoXMGPR8S',	3,	'MUHAMAD BRILIAN',	'8315',	NULL,	NULL,	1,	'2026-05-14 08:43:45'),
(193,	'8316',	'$2y$10$PxXjFFr3OWjsJ/7ZGwiRV.R.x2OgWliIru7faOtTO9Y7As2bQ0bfm',	3,	'MUHAMAD REVALDI',	'8316',	NULL,	NULL,	1,	'2026-05-14 08:43:45'),
(194,	'8317',	'$2y$10$9h2e7huED68ddWUGOef1Uu6OK69Io2t9NW36iug8viM9acO/wOfGq',	3,	'MUHAMMAD NUR FADILAH',	'8317',	NULL,	NULL,	1,	'2026-05-14 08:43:45'),
(195,	'8318',	'$2y$10$XziLrurGRS1vNEHlvFDH/OCyvfWfetORbjH1dquRpWkb8ZwLz1kiS',	3,	'MUHAMMAD SABIT MAULANA SIDIK',	'8318',	NULL,	NULL,	1,	'2026-05-14 08:43:46'),
(196,	'8319',	'$2y$10$jyi7COQtWV/P2NwAc.k/5uPyXXLLooNAu2.3FZX8yMFv.2zLpq.6S',	3,	'MUHAMMAD SOFIAN HADI',	'8319',	NULL,	NULL,	1,	'2026-05-14 08:43:46'),
(197,	'8320',	'$2y$10$2QXgk8UP4kDicnimfUOLJuSB9XYcb/kO5kWXoHjctOIDEfnyu8vna',	3,	'NAISYA ANANDA FAUZI',	'8320',	NULL,	NULL,	1,	'2026-05-14 08:43:46'),
(198,	'8321',	'$2y$10$2GDTEb1NrQeK7yye9zLqj.uJ8KIZOG1FOEJG8nTHJPg1TeCNTyX6q',	3,	'REISYA AMELIA PUTRI',	'8321',	NULL,	NULL,	1,	'2026-05-14 08:43:47'),
(199,	'8322',	'$2y$10$ZJbvuCGdRusvlhyTcrldT.ltoRBlAQ5CqLkAQM8k4cjrMKhvWU3e2',	3,	'SANNY MUHAMAD FADILAH',	'8322',	NULL,	NULL,	1,	'2026-05-14 08:43:47'),
(200,	'8323',	'$2y$10$XdjGQi6W004zLTivFtKNGuWoPbJvfXhzL5E5X8.ebdJt3o9GzR1kC',	3,	'SYAFIRA NUR ANDRIANI',	'8323',	NULL,	NULL,	1,	'2026-05-14 08:43:47'),
(201,	'8324',	'$2y$10$4NibuqF5K6rmt0pp40PScuJNhifh.DWRF.oB8lXAF/O5jKkaSBj9G',	3,	'YUSFI AL FATH BANUN ANTONI',	'8324',	NULL,	NULL,	1,	'2026-05-14 08:43:48'),
(202,	'8325',	'$2y$10$f3dG.NNO2vg9KFRWZZF4YeTTLQtjnoeY4AhV2RC75jVq6PQcu35ve',	3,	'ZAHRA AULIA DARYANTI PUTRI',	'8325',	NULL,	NULL,	1,	'2026-05-14 08:43:48'),
(203,	'8326',	'$2y$10$6MQvseMFNPihaON351P.Le9M.cveXsClna5VScAgUOwpsrV3LbRNO',	3,	'ZAMZAM REVARIZA',	'8326',	NULL,	NULL,	1,	'2026-05-14 08:43:48'),
(204,	'8501',	'$2y$10$DGnNgipXAUjx4C91xNF6IeeQ0lAlpVazX7mC6V8CBe8.NkbcSMIpi',	3,	'ADITYA RIZKI RAMDANI',	'8501',	NULL,	NULL,	1,	'2026-05-14 08:43:49'),
(205,	'8502',	'$2y$10$PLPe671JIE.3P7u6FBtnluZiDudnm2E4LyHMhN6T2QHhLlEesCYCu',	3,	'AHMAD YASIN SYAFI\'I',	'8502',	NULL,	NULL,	1,	'2026-05-14 08:43:49'),
(206,	'8503',	'$2y$10$PKbRaw51CUe/0NQWMaChueEdF6C5TSA3FizVJV3Dgw5Xu/AqqKPMW',	3,	'ALAINA KAMILA',	'8503',	NULL,	NULL,	1,	'2026-05-14 08:43:49'),
(207,	'8504',	'$2y$10$eJcgUh5GY6saRVZvF5krHeHF0pZeGbGKRbNXJqqDzEdafIazLnYi.',	3,	'ALI FAISHAL ARSYAD',	'8504',	NULL,	NULL,	1,	'2026-05-14 08:43:50'),
(208,	'8505',	'$2y$10$80MyMlCEj6.Crwct.Xcgoe9WQPtE/KmkzW.Abf1Q9o/Hs90vZbwMG',	3,	'AQILA MUNAAZZAHRA',	'8505',	NULL,	NULL,	1,	'2026-05-14 08:43:50'),
(209,	'8506',	'$2y$10$N2jH8401QJad547qJfGZXutZcv/1Y0kejINJ9uUEww01GSPIkzsJm',	3,	'ASYIFA RAMADHANI',	'8506',	NULL,	NULL,	1,	'2026-05-14 08:43:51'),
(210,	'8507',	'$2y$10$.pGuMV.9d2EUNxX6yb39/OQa6svdoIaid49n.kv1OzJ3g3EXgypMW',	3,	'DELISTA PUTRI ANGGRAENI',	'8507',	NULL,	NULL,	1,	'2026-05-14 08:43:51'),
(211,	'8508',	'$2y$10$O1B56FnnBH2vzkEfgqieZuxPGdAiioRhUUH3YM3uUQfCLKU99t1be',	3,	'FADHILLAH NUR HAKIM',	'8508',	NULL,	NULL,	1,	'2026-05-14 08:43:52'),
(212,	'8509',	'$2y$10$2MOAiZpuh44VykSanFwsZeN8eh1zBHw9KYTAqkkuALxe3naDDBSBG',	3,	'FIKA APRILIANI',	'8509',	NULL,	NULL,	1,	'2026-05-14 08:43:52'),
(213,	'8510',	'$2y$10$1h.PY3Mmd6Pd3IVZyW3ktem54i0lA1E9ORozj6ix2Ycn/OJR2tOC6',	3,	'KINANTI PRAMISWARI',	'8510',	NULL,	NULL,	1,	'2026-05-14 08:43:52'),
(214,	'8511',	'$2y$10$f7gqX0NYeT5vyfzYLjV5KOArMWJIholoTNVaYxnKzXtK53oFHJEle',	3,	'MAULIDINA RAISYA WIANA',	'8511',	NULL,	NULL,	1,	'2026-05-14 08:43:53'),
(215,	'8512',	'$2y$10$FmLLVz2zp9TCDMEUPr9yRenT.bFjchA9vjOd1lJSJBOinBnuNurBK',	3,	'MOCH ABYL AL BARIQ',	'8512',	NULL,	NULL,	1,	'2026-05-14 08:43:53'),
(216,	'8513',	'$2y$10$IomxGj7WgFtCtnFgwz4nZeyVydDXlUi5w9DkIuim./jQVZdBs8ARi',	3,	'MOCH DHIKA ERLANGGA',	'8513',	NULL,	NULL,	1,	'2026-05-14 08:43:53'),
(217,	'8514',	'$2y$10$M9Kx6MA7n52OnXCl2ehUaukW1HDPN28ygt130Xpew96WgvB19iHH.',	3,	'MUHAMAD FAHRI FAUZI',	'8514',	NULL,	NULL,	1,	'2026-05-14 08:43:54'),
(218,	'8515',	'$2y$10$37Q6UWPj4fYJmzom8X0HSu0szirYS8nkSuqXkzIBvfhHgmiz2/6Ym',	3,	'MUHAMAD RIZKY BAGJA ANUGRAH',	'8515',	NULL,	NULL,	1,	'2026-05-14 08:43:54'),
(219,	'8516',	'$2y$10$H/nnY6cHn2uc.h.mwEb2pOP/0.B2LNI.JXkFbhiiZXebVge1jW/aC',	3,	'MUHAMMAD AJRUN KABIR',	'8516',	NULL,	NULL,	1,	'2026-05-14 08:43:54'),
(220,	'8517',	'$2y$10$272CrSiMUJrj0DAu4pAWw.wpXfBoimwQI7uCYcE1Z3YPCK9l8SAvq',	3,	'MUHAMMAD AZKA ZAIDAN',	'8517',	NULL,	NULL,	1,	'2026-05-14 08:43:55'),
(221,	'8518',	'$2y$10$KDuCiQkH8f6c5Tzc9dPwPei3yoKkT2zfD6CvpuCMK0/UzqjZvPGpm',	3,	'MUHAMMAD IKHSAN KAMIL',	'8518',	NULL,	NULL,	1,	'2026-05-14 08:43:55'),
(222,	'8519',	'$2y$10$kecYMfluD7aThs8bfGry3u0xyyCQ6tc8dcmV2fSW903K8IFNKHSPu',	3,	'NIRVANA OKTA PAMUNGKAS SUKASWO',	'8519',	NULL,	NULL,	1,	'2026-05-14 08:43:55'),
(223,	'8520',	'$2y$10$rYkmpDvBjon6E9RN.KfD3.TpHhHxUatmvp6yk5n7amaiUv/Aq3quS',	3,	'NOVIA NISMARA RATADEWATI',	'8520',	NULL,	NULL,	1,	'2026-05-14 08:43:56'),
(224,	'8521',	'$2y$10$9VZim7XKvV01f0Zmf/NjyuT8.6hZ1ytUrx9caOfSeqjyfA3ddfDWS',	3,	'PANDU ANUGRAH SAPUTRA',	'8521',	NULL,	NULL,	1,	'2026-05-14 08:43:56'),
(225,	'8522',	'$2y$10$Y8SAvuhiym2WyGm4OIGlBOdYzoJZJ43KtYSOqYcAGQc2BCycvirs2',	3,	'RAIHAN WIDHY PRATAMA',	'8522',	NULL,	NULL,	1,	'2026-05-14 08:43:57'),
(226,	'8523',	'$2y$10$M.t3KOAtid6InwB0HeGE5e6/n4lfHZCLzn4vrxblmQmQdiIW9zC2a',	3,	'SALMA DESWITA MAHARANI',	'8523',	NULL,	NULL,	1,	'2026-05-14 08:43:57'),
(227,	'8524',	'$2y$10$3W4Q4RwbYWb8ZAtGedOlPeBkajXrBE/1UW52YjM3SjWIZuZsCfjPK',	3,	'SILMI KAFFAH',	'8524',	NULL,	NULL,	1,	'2026-05-14 08:43:58'),
(228,	'8525',	'$2y$10$FeIc3nIFr33oa.COkbimyuU2UFVumOVlVKMZaS0aFyaJEI4gQiO22',	3,	'SITI SAYYIDAH NUR RIZQIANTI',	'8525',	NULL,	NULL,	1,	'2026-05-14 08:43:58'),
(229,	'8526',	'$2y$10$3/Jkvs0cYpwagNJsUEL3Je2hEjl7hFcC4wn2xxWvfB9clmoY5i0vu',	3,	'TIRA ARTIKA SARI',	'8526',	NULL,	NULL,	1,	'2026-05-14 08:43:58'),
(230,	'8527',	'$2y$10$bUs9IJoAbAbChTs/GvddYeIrVhvD1M5e1sbdR9vv9sGQmocycJElK',	3,	'TRIAD M HANAFI',	'8527',	NULL,	NULL,	1,	'2026-05-14 08:43:59'),
(231,	'8528',	'$2y$10$0y9u7G0g.buzHw/hEorYuO.SFK9/TRACciPG8Tzi3ZKfrdsiRvyaK',	3,	'YANI DAMAR ZAUHARIYAH',	'8528',	NULL,	NULL,	1,	'2026-05-14 08:44:00'),
(233,	'8401',	'$2y$10$fBsRWik4Qfe9V6WBe5QiTOFzDlHofwHenYzDeH2.XHRQ2S4xUQGcG',	3,	'ALEA ALMAHYRA ANINDYTA GOJALI',	'8401',	NULL,	NULL,	1,	'2026-05-14 08:50:28'),
(234,	'8402',	'$2y$10$k.05xlxDbC8sO1DCSLZAuu8eETVgqEY68DwMbH/RBIc9bRxYxrPfq',	3,	'ALFARIZQI ZAINAL MUTAQIN',	'8402',	NULL,	NULL,	1,	'2026-05-14 08:50:28'),
(235,	'8403',	'$2y$10$Mjo3JYbkoe6CuSZysnbuNuAUZp43jRhifCSAeRPjzRVav.g5DLzkO',	3,	'ALIFA SRI ANDINI',	'8403',	NULL,	NULL,	1,	'2026-05-14 08:50:29'),
(236,	'8404',	'$2y$10$0knYh/oeNI7LhZRqDLH2GeQdJWFsyztMgGzTZk15soUvZWypSw3pS',	3,	'ARYAN INDRA PRATAMA',	'8404',	NULL,	NULL,	1,	'2026-05-14 08:50:29'),
(237,	'8405',	'$2y$10$OGiSgIdKSWYBPzi.UPw10O1x.nXoy/8lrKRbz8Dm7rt8G3aH/kp5S',	3,	'CAHYA KAHSYA PUTRA',	'8405',	NULL,	NULL,	1,	'2026-05-14 08:50:30'),
(238,	'8406',	'$2y$10$y2VLS52MwJUp9yQV3U85LueyBaPVz9zK2xkhxiVlN86XAPUWU.Qw.',	3,	'DESTA SYAHDAN WICHAK SANA',	'8406',	NULL,	NULL,	1,	'2026-05-14 08:50:30'),
(239,	'8407',	'$2y$10$9yFDE1oNXANVTrqyOSe86eQ.ACX8aDqgVtRqEmejIcjVWhrWDpMRe',	3,	'DESTY AULIA PUTRI',	'8407',	NULL,	NULL,	1,	'2026-05-14 08:50:30'),
(240,	'8408',	'$2y$10$luRKUJZR032q9S1TTNfBL.6MED2pRrHqB7z8.JbaXUgMM2HBZnkqi',	3,	'DZAKIRA AQILA SHALEHA',	'8408',	NULL,	NULL,	1,	'2026-05-14 08:50:30'),
(241,	'8409',	'$2y$10$mR6HeAupmdo/TFX/hOdzT.VtnEDaA4Iweus8Nz7tgk009Pd8.ls7G',	3,	'FADILLAH MALIK JULIANSYAH',	'8409',	NULL,	NULL,	1,	'2026-05-14 08:50:31'),
(242,	'8410',	'$2y$10$Q32oibhYUQXyLWRwVg1uj.jIqJDuhN0Y7spMfW1PBjdDeXZ5WbXQe',	3,	'HANNA SALSABILLA',	'8410',	NULL,	NULL,	1,	'2026-05-14 08:50:31'),
(243,	'8411',	'$2y$10$8qFyqv88enAnRHS1/M3yq.XVDYyhdrs/MBwBBjXTzNJtX6lVBNdrG',	3,	'KAYLA QATRUNNADA',	'8411',	NULL,	NULL,	1,	'2026-05-14 08:50:31'),
(244,	'8412',	'$2y$10$NFdFwEY6MozM60BdRxoVlO6pXrhyf.ZLMa/PrGSovj8gTteNUhVLu',	3,	'KHOIRUNISA PUTRI ADERO',	'8412',	NULL,	NULL,	1,	'2026-05-14 08:50:31'),
(245,	'8413',	'$2y$10$RxdxhflmPXa.jYCY6m6i/OlXx3RU.Uya1kOmqWNbSvutVAO5GnQMG',	3,	'MUHAMAD FAHRI RAMADHAN',	'8413',	NULL,	NULL,	1,	'2026-05-14 08:50:32'),
(246,	'8414',	'$2y$10$0R2X31cXen4BBsD2gUCAMO5CIth5QL3oi1q5QydO9Paq8owdvOOJ6',	3,	'MUHAMAD LUTHFI',	'8414',	NULL,	NULL,	1,	'2026-05-14 08:50:32'),
(247,	'8415',	'$2y$10$C0WcX.xbjNML9qn5CHPdEOoGd6H2gfKf7zPqCN9MAFDKZdvP8Eq9C',	3,	'MUHAMMAD MUZAKI SYUKUR',	'8415',	NULL,	NULL,	1,	'2026-05-14 08:50:33'),
(248,	'8416',	'$2y$10$7HuoaqwQOtf5zuCicJHZ5OO/59oOBoOIOHLiFr/KAAE9iCyVidcjC',	3,	'MUHAMMAD RIZKY ABDUL MALIK',	'8416',	NULL,	NULL,	1,	'2026-05-14 08:50:33'),
(249,	'8417',	'$2y$10$eOCq6ekmS8AO9Yp9QGVJBepMjAKA5drrHrj6pfq1zawaC0W0Tyfja',	3,	'NAZWA NADHIRAH R',	'8417',	NULL,	NULL,	1,	'2026-05-14 08:50:33'),
(250,	'8418',	'$2y$10$lJKniIL.N5dGeIWOA5sVEO09UL.jOxFtyKk.o0GI56U37Ry8LQzAe',	3,	'NURFITRIYANI',	'8418',	NULL,	NULL,	1,	'2026-05-14 08:50:33'),
(251,	'8419',	'$2y$10$48jOFSuoIHV2cuOiImE4aejD4BMwM8oxy3aQZjaIJ5MQrwxWnrZ3.',	3,	'RANGGA MAULANA',	'8419',	NULL,	NULL,	1,	'2026-05-14 08:50:34'),
(252,	'8420',	'$2y$10$umI2UHiYAnrYvrjKCE0EYu1ol0HOJz9LzVAmhuSpw2LaXlr54iyPy',	3,	'RYU',	'8420',	NULL,	NULL,	1,	'2026-05-14 08:50:34'),
(253,	'8421',	'$2y$10$9qsfepqwcq7wzn0Jm8t.aO6ECm1X1LYBQOXSHplvFwXB1sZ0xTVJi',	3,	'SALMA KAILA NURFITRI',	'8421',	NULL,	NULL,	1,	'2026-05-14 08:50:34'),
(254,	'8422',	'$2y$10$G8HcEOgGqXB3A2gQ/BX8IOQrD84IJanK55MVdHcUPbFnKxoxpYeDu',	3,	'SHAUQI KHABY AILAN',	'8422',	NULL,	NULL,	1,	'2026-05-14 08:50:35'),
(255,	'8423',	'$2y$10$t00PNYQNhRkXcbeoiz2yeuzcBv1EINVltoOor/5x4K9CL0sCAi9FC',	3,	'TIARA RAHMA ANNISA',	'8423',	NULL,	NULL,	1,	'2026-05-14 08:50:35'),
(256,	'8424',	'$2y$10$QqZzVhcYaPtn.6ggWapZFe969vU3.yy1CQSfkeHp/BpZhPmwEWIji',	3,	'TRISQI MUSTOFA',	'8424',	NULL,	NULL,	1,	'2026-05-14 08:50:35'),
(257,	'8425',	'$2y$10$IIBFAMTs/GLBW34G3Y5rM.YPwgksmg/pxDm.mKbvdbwkrzNGlRMgW',	3,	'WILDAN GILANG RAMADHAN',	'8425',	NULL,	NULL,	1,	'2026-05-14 08:50:36'),
(258,	'8426',	'$2y$10$2Dn4lSirnHVehMtPUqnN9OzSHJ05BmHha0lWh49JVHBdleyaYV3uG',	3,	'YOSI JUMA AZAHRA',	'8426',	NULL,	NULL,	1,	'2026-05-14 08:50:36'),
(259,	'8427',	'$2y$10$vq3LjeekQ8v44fXMr2rrE.7pt/QWKx7TWR9jqvFZiP4JNRzPPQjL2',	3,	'ZARFA ALVAREL ALKIANO',	'8427',	NULL,	NULL,	1,	'2026-05-14 08:50:36'),
(260,	'8428',	'$2y$10$AkjsVNZl87cpXBPTJasW0.iF3FpTzX1anpiTfRtfxOoUlInL36fOq',	3,	'ZIELVANA PUTRIA SETIADI',	'8428',	NULL,	NULL,	1,	'2026-05-14 08:50:37'),
(261,	'8201',	'$2y$10$6IdOB.Y8Vcef/AB.b2zLNumbJP8NlfrMQMl/jwv.DqdoAeV3FVtQq',	3,	'ALLENA PUTRI ERINOVA',	'8201',	NULL,	NULL,	1,	'2026-05-14 08:52:36'),
(262,	'8202',	'$2y$10$4b4/C885O./6AkMsSjyjNeyA1hE3pqWa1.sZHBaO3xBVLw4R2ULge',	3,	'ARSYILA ZENETTA ALMAHYRA',	'8202',	NULL,	NULL,	1,	'2026-05-14 08:52:37'),
(263,	'8203',	'$2y$10$12Gt801IolIrRe9TZgb.we9TDBc7QkvJL7Mgn.pOlsk1suXUsxViG',	3,	'AZKA OKTAVIA SAKINA',	'8203',	NULL,	NULL,	1,	'2026-05-14 08:52:37'),
(264,	'8204',	'$2y$10$nPN1VLiezfndopZOphw5gOO0ohzO/94TqnL83VEBZGqGwYsJFToGa',	3,	'CESSA SHOFWAH SUMAMBA',	'8204',	NULL,	NULL,	1,	'2026-05-14 08:52:37'),
(265,	'8205',	'$2y$10$eJZXJTr0xTqcIoKMygv.8O2Qpy1/geeHSOwVQ.coTrxKI5NaRfYn2',	3,	'DANNIS FAUZULLAH MAULANA SIDIQ',	'8205',	NULL,	NULL,	1,	'2026-05-14 08:52:38'),
(266,	'8206',	'$2y$10$KuO87XFQCqnS8M4ImGsh0.vnpmPtgfxr6uTYIxY.vCp6qjXDUgQnu',	3,	'DELISHA AQILAH GHAISANI',	'8206',	NULL,	NULL,	1,	'2026-05-14 08:52:38'),
(267,	'8207',	'$2y$10$jRRq7CD4DuzfU/Q3KmAtJu6X3FBJMP0X74UaEUf9V1yodx76AQ1JS',	3,	'DENIS SETIA PRATAMA NURMARA',	'8207',	NULL,	NULL,	1,	'2026-05-14 08:52:38'),
(268,	'8208',	'$2y$10$HBTe003MDEE7LUicZoJdEOsMmOiAT.qJcTIN6IBsuGaVUP.JMAR.G',	3,	'DZAKIRA AFTANI',	'8208',	NULL,	NULL,	1,	'2026-05-14 08:52:39'),
(269,	'8209',	'$2y$10$M3NFaEF96GCg3qwIvcQLJ.vBLdfJGBKYC4xQTE3Bqdx3hOWQIKQva',	3,	'FIRDYKA FADHILLAH',	'8209',	NULL,	NULL,	1,	'2026-05-14 08:52:39'),
(270,	'8210',	'$2y$10$OE93lzXFf6BPWJHRPNiOhu2ni20gKf/uok.8Fo71mAeNAiII0aDVm',	3,	'GILANG GUMILAR',	'8210',	NULL,	NULL,	1,	'2026-05-14 08:52:39'),
(271,	'8211',	'$2y$10$wXOdAEx0MRg.yXaAqcke/e4F6UyXXSZGkHhxMG6Zku/ZII.rcdPGq',	3,	'GIOVANNI ZAENAL PUTRA',	'8211',	NULL,	NULL,	1,	'2026-05-14 08:52:40'),
(272,	'8212',	'$2y$10$QgyPDm5B3t1XUaQxAOzsq.zWtFY8oaRnUt4KtOOWqBqXJ7haWJmmq',	3,	'KANIA SIDA JULPANIA',	'8212',	NULL,	NULL,	1,	'2026-05-14 08:52:40'),
(273,	'8213',	'$2y$10$lz39HCoFr4CHRxDlgAShuOs8QuhYPQVkL7lip9BVV1Ib2V5zF0LPK',	3,	'KAYLA CALLISTA RAMADHANI',	'8213',	NULL,	NULL,	1,	'2026-05-14 08:52:40'),
(274,	'8214',	'$2y$10$mIkZ6J5FS/xwWa98qXD6c.jwyunJbrHPs4OGcIV3SD1zQtPNtpRn6',	3,	'KEIZHA SUCI RAMADHANI',	'8214',	NULL,	NULL,	1,	'2026-05-14 08:52:41'),
(275,	'8215',	'$2y$10$/GsM5IXnFPWLf99/oLliY.b26RoAwU3H5fLZKKJAoZ2rXQZPhSwY.',	3,	'LULU NURHASANAH',	'8215',	NULL,	NULL,	1,	'2026-05-14 08:52:41'),
(276,	'8216',	'$2y$10$2FevMGDlbAZCGPYRBzf/re4Jb1OrNdhDwYuWS.RtO.Kda87WtlXXi',	3,	'MARYAM LATHIFATUL KAMILAH',	'8216',	NULL,	NULL,	1,	'2026-05-14 08:52:41'),
(277,	'8217',	'$2y$10$pC3jRCVwBtJJHktGTvXzJ.qBKmixXV60/J39s//0V2qY3DYB2Yi0a',	3,	'MUHAMAD RASYIF ALHAIDAR',	'8217',	NULL,	NULL,	1,	'2026-05-14 08:52:41'),
(278,	'8218',	'$2y$10$LI9chMM0UzGGXeJ8ClCRV./MgAiiUOPDUEGiFKB1yKly.hj955uqe',	3,	'MUHAMMAD KHIRSAN HAIDAR AS-SYAKIRI',	'8218',	NULL,	NULL,	1,	'2026-05-14 08:52:42'),
(279,	'8219',	'$2y$10$gJWVIVRxPxkW6Lz3GrVqqeBA2aIo55kr5f5Ym5Grn7mhK1noUBNIy',	3,	'MUHAMMAD RAIZSYAWAL AZFIQRO',	'8219',	NULL,	NULL,	1,	'2026-05-14 08:52:42'),
(280,	'8220',	'$2y$10$C3kwFiRWPJkioeBIbP9gvOvai.6Xl0V65fH/HRTmcCLncZ6tjabvO',	3,	'MUHAMMAD RIDWAN',	'8220',	NULL,	NULL,	1,	'2026-05-14 08:52:42'),
(281,	'8221',	'$2y$10$fFZ2WBeyIQ./Ykns9pklsujA0JGHKcM2F6W79YOwtmuJfCAXJyQni',	3,	'MUHYI PURNAMA AZAM',	'8221',	NULL,	NULL,	1,	'2026-05-14 08:52:43'),
(282,	'8222',	'$2y$10$T3/vSQGzFTmCzKWB0mA9luXYWv9IfVIB8pjbWWZN8xEbaELxl0B1W',	3,	'RAFFANDHIA ALFARIZQI KANURAYA',	'8222',	NULL,	NULL,	1,	'2026-05-14 08:52:43'),
(283,	'8223',	'$2y$10$Zy8wsCDC9dzuBjSURbN9MuTw8RJs5BlCJYabfAi.pmvwY.m981UP2',	3,	'SALMA LATIFAH KHAIRUN NISA',	'8223',	NULL,	NULL,	1,	'2026-05-14 08:52:44'),
(284,	'8224',	'$2y$10$i6ry8cBF.LDImuTUKeZ1J.63DoIzH4J4HOPHx.PRvbqMZp9JGlhtq',	3,	'SUSTIRA HAFSARI SETIAWATI',	'8224',	NULL,	NULL,	1,	'2026-05-14 08:52:44'),
(285,	'8225',	'$2y$10$kqr4k2K4EXOIBljMYV.iSujBN/EAUqfJHzhE2ssOXsnfNFr63VXqi',	3,	'TIARA AULIA',	'8225',	NULL,	NULL,	1,	'2026-05-14 08:52:45'),
(286,	'8226',	'$2y$10$k790H0wpSRCJECYzG.Gqw.rygNo5K2o3MqeX3bYgT2beQsexWEu2q',	3,	'VICKY YUDANTA KAMIL SYAHPUTRA',	'8226',	NULL,	NULL,	1,	'2026-05-14 08:52:45'),
(287,	'8227',	'$2y$10$w9xqflShEHXmtyaONzkDBeZIQ4JT1iem.IChw8Pv6gpv6qM4LsCc6',	3,	'YUSUF IQBAL MAULANA',	'8227',	NULL,	NULL,	1,	'2026-05-14 08:52:45'),
(291,	'003',	'$2y$10$NQ3tJ3u9KPdg3rhlfSQfuO6c6NIoFijW/wyQ9KU/y5jb.YvwgMgSW',	2,	'Dra.Hj. AI MINARNI',	NULL,	NULL,	NULL,	1,	'2026-05-14 09:06:02'),
(292,	'004',	'$2y$10$B1Wvq/BD7r1bs.q9EaOd/eUJ5NdjMbnORWzcV06XluzyYZkrfbjqK',	2,	'SHINTA NURYATNA, S.Pd.',	NULL,	NULL,	NULL,	1,	'2026-05-14 09:06:23'),
(294,	'005',	'$2y$10$het9j0a4DA163YiAxSckZeUn6g7y8y8FOQV7SsaCa625jdR8R3urK',	2,	'EMA SITI MAESAROH, S.Pd.',	NULL,	NULL,	NULL,	1,	'2026-05-14 09:11:10'),
(295,	'006',	'$2y$10$GyeWwL3a5B7UhTP9862TpueGr0Lgxvx3UpmGVZ47VqGJE98gqRE.m',	2,	'SITI RAHMAH, S.Pd.',	NULL,	NULL,	NULL,	1,	'2026-05-14 09:11:21'),
(296,	'007',	'$2y$10$rUjVb7XWcNmWNq/JSiTuOuuD6EyTB/kyEkrIZPVdjNh0qqmUp1PTO',	2,	'Hj. EVVA NURLATIFAH, S.Pd.',	NULL,	NULL,	NULL,	1,	'2026-05-14 09:11:35'),
(297,	'008',	'$2y$10$xmU2XYqCnbdcePz2uZlaQumz.EwtVeWWXKS1xZ4ARdMmEcJiH/ORe',	2,	'OTONG SUNANDAR, S.Pd.',	NULL,	NULL,	NULL,	1,	'2026-05-14 09:11:47'),
(298,	'009',	'$2y$10$mIpdYB3cDlUyq2vfKeS0le9qFBHwlKWqLDp8KCZJE3AOFX91VI0hu',	2,	'TATANG ARUMAN EKAJAYA, S.Pd.I.',	NULL,	NULL,	NULL,	1,	'2026-05-14 09:12:06'),
(299,	'010',	'$2y$10$hYYoIaObJ8TTmnPW8DQtbOV7NSKpK8uVcxqZEAlnLWmGSQRl44GyG',	2,	'EMI WAHYUMULYANI, S.Pd.',	NULL,	NULL,	NULL,	1,	'2026-05-14 09:12:21'),
(300,	'012',	'$2y$10$PTysl8uaxLaapPu3Lyr89Oif6LYnsWE8YSxa7omjWPge557r1RcDy',	2,	'SITI ANISAH, S.Pd.',	NULL,	NULL,	NULL,	1,	'2026-05-14 09:12:44'),
(301,	'013',	'$2y$10$YGBt.AmdvNRfEbHy8t2y0eXwQmLkK0JToyQIhctq367LqrK92CCze',	2,	'IKA SARTIKA, S.Tr.T.',	NULL,	NULL,	NULL,	1,	'2026-05-14 09:12:57'),
(302,	'014',	'$2y$10$WpcUbksinilPE8Nn0cnEHei3q9zRAhsfO5bOvT1OX.TNT8g6Jczi.',	2,	'GINANJAR RAHAYU TRESNA, S.Pd.',	NULL,	NULL,	NULL,	1,	'2026-05-14 09:13:14'),
(303,	'015',	'$2y$10$UUFsUhKqWQ0BvUXMIjbmKOBeSXNn0C6NiXleMAoQCvvcSKvIiz.Ly',	2,	'AGUS SUBARNA, S.Ag.',	NULL,	NULL,	NULL,	1,	'2026-05-14 09:13:26'),
(304,	'016',	'$2y$10$r/7jyP6NGpdl01thgSRJQuqT5kPkoRYTTlQMFMmGY/1PFcWMamXdi',	2,	'TINTIN AGUSTINI, S.Ag.',	NULL,	NULL,	NULL,	1,	'2026-05-14 09:13:39'),
(305,	'021',	'$2y$10$kd2NzEwspUzKBWT1JnPYL.3miP76UpcTmaMkG8QgNPxWHGx7MCJpW',	2,	'CEPI RIZKI SUPARDI, S.Pd.I.',	NULL,	NULL,	NULL,	1,	'2026-05-14 09:14:04'),
(306,	'023',	'$2y$10$0iQSe5sQt3UCeH0U2FwZDufr/bmH/Gti48fWbhXWbdNU9A0AGPzzW',	2,	'RIZKI TAUFIK MUSTIKA, S.S.',	NULL,	NULL,	NULL,	1,	'2026-05-14 09:14:29'),
(307,	'024',	'$2y$10$RIFUPPPt16UYsse1abWEF.a3825CvU1AVAeQLeGARmgvd.v5GSgi6',	2,	'YASHINTA AMELIANA, S.Pd.',	NULL,	NULL,	NULL,	1,	'2026-05-14 09:14:47'),
(308,	'025',	'$2y$10$xWQXpeU8sD8tOeWyk4ZJausk/.8/eyl4R0diW7mZ.NW.YwAdi0Ioq',	2,	'ASTRI YULIASARI, S.Pd.Gr.',	NULL,	NULL,	NULL,	1,	'2026-05-14 09:15:05'),
(309,	'026',	'$2y$10$S0vZ.kMHq76lR8ofze0RdOoLLmM1sX5WW4GBYudPufxDziZUBWTh6',	2,	'DEDEH AINUN PARIDAH',	NULL,	NULL,	NULL,	1,	'2026-05-14 09:15:22'),
(310,	'027',	'$2y$10$krO5Gh6RHFWmM1vMOVFvvekAMe7iTE8FN8FQPmu/QVZie4e/xA67q',	2,	'RISKI HARDIANSYAH, S.Pd.',	NULL,	NULL,	NULL,	1,	'2026-05-14 09:15:40'),
(311,	'028',	'$2y$10$7.azR9TAdjr88Q8U6N.TUOCBg9Tmdp0coj2mdeBHB4TsyldWCVFOW',	2,	'ACHMAD FATHONI HIDAYAT, S.P.',	NULL,	NULL,	NULL,	1,	'2026-05-14 09:15:54'),
(312,	'029',	'$2y$10$nLYGqBA2OtvHpDy/XmJRfOUfpAc928RTVRlVElWF9/oFFYobKaGzW',	2,	'RISMAYA RAHMAT HIDAYAT, S.Hum.',	NULL,	NULL,	NULL,	1,	'2026-05-14 09:16:53'),
(313,	'030',	'$2y$10$w73KQm2WQyF28gOzFOnje.W0rcrg0mctXYQMBZxx43eiYD.kyX4NW',	2,	'DENDI HERDIWAN, S.Pd.Gr.',	NULL,	NULL,	NULL,	1,	'2026-05-14 09:17:19'),
(314,	'031',	'$2y$10$8hio2NyXSCFRThl.6Jg7mOXhQ2kPFoPjBsu0ln1n3LJGqG3hpDsBC',	2,	'PUTRI RASYA NABILA',	NULL,	NULL,	NULL,	1,	'2026-05-14 09:17:34');

-- 2026-06-20 13:40:37
